identifier,maximumAttendeeCapacity
jambase:329651,
jambase:70152,10000
jambase:386854,
jambase:65587,700
jambase:4407379,
jambase:7882698,1000
jambase:338605,2500
jambase:68681,10000
jambase:325573,1479
jambase:63329,1900
jambase:3837904,4000
jambase:6024824,4822
jambase:385357,2500
jambase:70843,
jambase:4553801,
jambase:11338205,
jambase:64293,1500
jambase:71090,1600
jambase:392463,200
jambase:62095,27500
jambase:62534,12638
jambase:72296,1244
jambase:65680,756
jambase:8181808,5000
jambase:63208,2350
jambase:69349,2700
jambase:9768539,5100
jambase:5191425,
jambase:9738896,
jambase:68651,
jambase:66702,
jambase:402546,
jambase:3569325,
jambase:336282,
jambase:11195745,
jambase:10949677,3400
jambase:63022,2250
jambase:389176,
jambase:70831,
jambase:64284,1250
jambase:63445,1800
jambase:69749,100
jambase:3277493,
jambase:63107,2078
jambase:62193,
jambase:387207,10000
jambase:62504,
jambase:357880,
jambase:71316,
jambase:64080,5400
jambase:384960,1
jambase:65896,
jambase:71512,
jambase:376316,
jambase:9566853,
jambase:7671893,
jambase:63187,11500
jambase:1554518,1500
jambase:65874,1350
jambase:68788,1500
jambase:7995715,
jambase:11455850,
jambase:68592,
jambase:574742,
jambase:62499,2300
jambase:62905,350
jambase:63006,340
jambase:7509533,3000
jambase:62401,20000
jambase:9962674,225
jambase:6255177,1000
jambase:5218867,3100
jambase:6362733,4500
jambase:66395,10600
jambase:5030522,19260
jambase:66409,712
jambase:73008,5000
jambase:2543595,750
jambase:69093,450
jambase:9143026,1300
jambase:8940677,140
jambase:66747,1500
jambase:72570,
jambase:63413,10467
jambase:373456,44494
jambase:2637938,1300
jambase:5433574,
jambase:9101662,600
jambase:63344,4500
jambase:71196,500
jambase:70903,4000
jambase:3843299,67000
jambase:68623,
jambase:68154,
jambase:3121843,
jambase:3342156,
jambase:7640475,
jambase:7930445,
jambase:11235026,
jambase:7768014,1500
jambase:69433,
jambase:66370,
jambase:68589,1600
jambase:67850,
jambase:9992871,
jambase:9872771,
jambase:8523333,525
jambase:71614,
jambase:3229315,
jambase:11302845,
jambase:72788,500
jambase:70920,1300
jambase:74089,2000
jambase:72348,19000
jambase:573541,735
jambase:62139,250
jambase:62087,600
jambase:62807,450
jambase:64235,2800
jambase:62667,10500
jambase:62550,2500
jambase:2058749,750
jambase:72401,7470
jambase:396505,1300
jambase:192618,
jambase:345001,
jambase:70582,1133
jambase:674675,
jambase:9709710,
jambase:5947149,
jambase:7003431,
jambase:4303953,
jambase:574272,
jambase:375019,
jambase:327291,
jambase:64967,8751
jambase:62973,1500
jambase:398151,
jambase:11160530,550
jambase:10239002,3000
jambase:7640444,4000
jambase:3042091,
jambase:8926326,
jambase:7917434,
jambase:7536741,
jambase:11187035,
jambase:62106,1279
jambase:73240,3500
jambase:62222,300
jambase:66046,987
jambase:5619908,200
jambase:8369784,1650
jambase:11266676,
jambase:5374823,17500
jambase:62305,2450
jambase:63140,327
jambase:62075,37000
jambase:63029,200
jambase:63657,41900
jambase:9282112,
jambase:574333,2125
jambase:7474797,
jambase:68301,10000
jambase:64583,4086
jambase:364275,
jambase:6145136,
jambase:62376,23000
jambase:419575,
jambase:4230770,
jambase:63932,
jambase:71221,200
jambase:66473,400
jambase:66110,150
jambase:6024821,
jambase:373625,
jambase:364198,
jambase:9949018,
jambase:419544,
jambase:2687882,
jambase:11232959,
jambase:192784,1150
jambase:8421620,1200
jambase:10366568,
jambase:73647,
jambase:67475,765
jambase:416103,
jambase:8930895,
jambase:64371,1000
jambase:10977587,
jambase:63200,800
jambase:70961,1477
jambase:11202239,1000
jambase:65979,5600
jambase:337718,800
jambase:64542,2264
jambase:2906532,1800
jambase:10893201,3100
jambase:2272378,1000
jambase:71273,1738
jambase:376170,650
jambase:71838,1750
jambase:72871,19000
jambase:64225,11700
jambase:73715,856
jambase:62375,70000
jambase:331076,3175
jambase:8286879,60
jambase:390573,150
jambase:66142,584
jambase:70499,
jambase:67978,
jambase:389733,
jambase:69050,
jambase:64002,65
jambase:572235,
jambase:416981,
jambase:360180,2000
jambase:4646285,500
jambase:64186,1265
jambase:5887138,450
jambase:67307,2000
jambase:63402,1700
jambase:68740,5300
jambase:71642,15750
jambase:2001925,1600
jambase:192819,5000
jambase:5844676,
jambase:10351038,
jambase:343054,
jambase:393245,
jambase:65471,400
jambase:404337,
jambase:3294314,1000
jambase:9639187,
jambase:7384077,
jambase:569816,
jambase:10535314,
jambase:6241182,
jambase:68227,1523
jambase:10683715,800
jambase:62354,750
jambase:62873,2005
jambase:63397,1463
jambase:4670720,
jambase:5693858,
jambase:4793958,
jambase:343241,15500
jambase:70204,900
jambase:68436,4000
jambase:327423,280
jambase:8511244,
jambase:8393195,
jambase:569465,
jambase:395201,
jambase:334211,
jambase:3117187,
jambase:2631342,1225
jambase:11310470,
jambase:10438968,
jambase:69913,9500
jambase:4236430,2500
jambase:3447355,1200
jambase:62264,700
jambase:6280172,4000
jambase:65418,2000
jambase:68866,
jambase:2380708,1
jambase:573533,299
jambase:2596878,
jambase:5908234,
jambase:361697,
jambase:11242673,
jambase:11206150,
jambase:73408,6600
jambase:65664,15000
jambase:385526,8500
jambase:67514,
jambase:62620,900
jambase:363574,700
jambase:407217,
jambase:346970,400
jambase:9882663,
jambase:11408280,
jambase:62358,200
jambase:62140,400
jambase:67682,1000
jambase:66569,230
jambase:65574,1100
jambase:69803,1000
jambase:63558,550
jambase:64775,2300
jambase:9610879,
jambase:9445389,1900
jambase:397797,1210
jambase:7592446,10000
jambase:367367,16100
jambase:64397,200
jambase:371955,1937
jambase:70154,20500
jambase:67195,1339
jambase:64579,42445
jambase:70382,2200
jambase:62112,220
jambase:7767374,1000
jambase:63341,1295
jambase:68026,4600
jambase:4005271,850
jambase:8371782,1000
jambase:674693,705
jambase:64095,2967
jambase:193442,550
jambase:391943,2300
jambase:64138,12414
jambase:71595,300
jambase:2948909,660
jambase:3565609,1200
jambase:9587310,
jambase:67578,1200
jambase:372965,223
jambase:7679049,4800
jambase:9237880,2850
jambase:10663025,
jambase:340360,15000
jambase:192568,75
jambase:357486,1200
jambase:69165,
jambase:66717,750
jambase:389499,
jambase:2270340,
jambase:9198845,
jambase:397827,
jambase:3910806,
jambase:376308,
jambase:325249,
jambase:11440134,
jambase:11331726,
jambase:11236929,
jambase:10237708,
jambase:10146813,
jambase:66837,6000
jambase:64952,
jambase:69676,75
jambase:364601,
jambase:363033,2500
jambase:72873,
jambase:413849,
jambase:8261436,
jambase:569638,
jambase:62441,275
jambase:62390,
jambase:62252,400
jambase:70930,840
jambase:63794,300
jambase:67263,250
jambase:62183,1800
jambase:62223,700
jambase:71899,1490
jambase:69451,300
jambase:62277,400
jambase:63740,4400
jambase:71488,507
jambase:62129,18500
jambase:63793,1100
jambase:68372,300
jambase:66024,400
jambase:10997617,
jambase:62071,1000
jambase:62355,2500
jambase:64671,23500
jambase:3074568,950
jambase:4539620,300
jambase:64123,500
jambase:64790,2403
jambase:69508,1500
jambase:402989,1200
jambase:69068,850
jambase:2901723,850
jambase:192586,300
jambase:7506429,1400
jambase:6096749,3800
jambase:62076,5000
jambase:62754,1966
jambase:70918,250
jambase:9198781,
jambase:11227440,
jambase:62175,3901
jambase:69802,800
jambase:380491,100
jambase:7932165,2700
jambase:64649,9200
jambase:63037,2800
jambase:62257,61500
jambase:2567256,2000
jambase:69538,867
jambase:63074,1000
jambase:70553,450
jambase:9198763,
jambase:402873,500
jambase:363091,1000
jambase:66447,3400
jambase:3496592,10387
jambase:69830,250
jambase:5844674,400
jambase:3557493,400
jambase:8392613,4000
jambase:5696810,350
jambase:8676067,1000
jambase:9129605,1000
jambase:8163318,
jambase:63671,3600
jambase:7631216,700
jambase:372821,60
jambase:335770,1397
jambase:386103,750
jambase:62731,
jambase:378171,
jambase:62370,1000
jambase:66425,41649
jambase:73276,100
jambase:65853,110
jambase:72551,750
jambase:372501,2000
jambase:66269,100000
jambase:70377,
jambase:395372,1494
jambase:9849594,
jambase:380639,
jambase:347697,1499
jambase:9585999,120
jambase:346904,900
jambase:9198655,
jambase:7961256,
jambase:7894731,
jambase:357003,
jambase:11408686,
jambase:11079647,
jambase:62173,200
jambase:62121,320
jambase:66056,5000
jambase:73405,897
jambase:192593,4188
jambase:71916,500
jambase:369449,11218
jambase:65618,
jambase:62239,300
jambase:2445494,
jambase:67777,1000
jambase:66495,
jambase:3884139,100
jambase:65900,
jambase:3549465,425
jambase:346289,1000
jambase:338035,700
jambase:396164,
jambase:65747,
jambase:6072429,700
jambase:5645097,
jambase:375676,
jambase:193549,
jambase:9785243,
jambase:9423129,
jambase:9416230,
jambase:9365086,50
jambase:9288722,
jambase:9232566,
jambase:9198784,
jambase:9198783,
jambase:9198654,
jambase:9198607,
jambase:9124557,1350
jambase:8751696,240
jambase:8014187,
jambase:73847,
jambase:67728,
jambase:373512,
jambase:362411,
jambase:11321943,
jambase:10693546,
jambase:339114,
jambase:73334,10000
jambase:63959,2265
jambase:63893,500
jambase:62865,500
jambase:63068,550
jambase:3408663,250
jambase:3432905,275
jambase:62535,1200
jambase:62438,500
jambase:69203,250
jambase:66847,17505
jambase:62722,2200
jambase:73662,600
jambase:5311164,250
jambase:70025,1000
jambase:4334424,175
jambase:8197661,635
jambase:62766,1850
jambase:2301327,610
jambase:62384,771
jambase:64280,780
jambase:9198852,
jambase:68065,3000
jambase:62932,5000
jambase:63385,178
jambase:3764321,700
jambase:62159,18336
jambase:67270,700
jambase:5514693,1300
jambase:9099520,3000
jambase:7712182,6000
jambase:62412,800
jambase:192938,394
jambase:2809950,400
jambase:193254,20
jambase:10001134,1600
jambase:62422,130
jambase:73274,235
jambase:3816603,500
jambase:63036,50
jambase:66982,280
jambase:7770569,348
jambase:62215,5870
jambase:62189,20000
jambase:70478,1600
jambase:67456,7100
jambase:70224,650
jambase:73265,1090
jambase:2739235,740
jambase:11459354,
jambase:63576,1976
jambase:11159279,
jambase:62090,17500
jambase:2267750,2400
jambase:68441,150
jambase:334133,540
jambase:67659,650
jambase:358014,1152
jambase:68365,1800
jambase:68006,1897
jambase:64334,1700
jambase:63308,
jambase:10358001,1400
jambase:62187,1200
jambase:64949,200
jambase:5903494,1700
jambase:63443,240
jambase:5942532,70240
jambase:4250519,450
jambase:67350,1750
jambase:68660,1700
jambase:65189,1400
jambase:71511,300
jambase:66138,11000
jambase:64458,178
jambase:67091,1646
jambase:63425,1400
jambase:63167,1721
jambase:6527856,550
jambase:66669,150
jambase:3435286,1000
jambase:338190,1251
jambase:63338,6300
jambase:73366,280
jambase:4266121,22000
jambase:5837648,1032
jambase:5900850,400
jambase:7945424,
jambase:10945441,
jambase:63398,2703
jambase:63075,1250
jambase:69385,1054
jambase:9394914,300
jambase:7717092,375
jambase:332166,
jambase:7762465,1200
jambase:63273,1800
jambase:63268,1700
jambase:70379,840
jambase:63931,3051
jambase:398036,
jambase:376061,886
jambase:373506,1604
jambase:193038,2000
jambase:3435032,
jambase:396084,2500
jambase:2035742,1300
jambase:62842,65000
jambase:359233,755
jambase:67156,150
jambase:70566,
jambase:63929,3156
jambase:369199,4000
jambase:62643,754
jambase:5112565,
jambase:7830981,750
jambase:9516859,
jambase:9233517,299
jambase:9198878,
jambase:8886674,
jambase:8413071,
jambase:7906910,
jambase:6475968,
jambase:5909049,500
jambase:4055018,
jambase:398086,
jambase:395230,2400
jambase:10380122,
jambase:10222536,
jambase:66124,250
jambase:65061,8000
jambase:62813,200
jambase:193034,200
jambase:62768,56000
jambase:2107838,210
jambase:62439,
jambase:66862,1000
jambase:64240,
jambase:375698,
jambase:347690,973
jambase:3297993,250
jambase:2415682,500
jambase:5689417,300
jambase:329597,
jambase:5870755,500
jambase:342910,12000
jambase:335783,
jambase:9981498,15000
jambase:7396833,
jambase:69197,
jambase:62574,
jambase:5679518,250
jambase:397623,448
jambase:356649,
jambase:2420529,
jambase:8256968,300
jambase:7738938,450
jambase:69379,200
jambase:65478,
jambase:3557477,
jambase:345070,
jambase:3082722,
jambase:69363,
jambase:67621,900
jambase:4689264,
jambase:398000,
jambase:378122,
jambase:2573391,
jambase:9689853,
jambase:9645780,
jambase:9604686,
jambase:9591680,
jambase:9489311,
jambase:9436768,
jambase:9349166,
jambase:9305135,
jambase:9198816,
jambase:8922013,
jambase:8818190,
jambase:8787304,
jambase:8432087,200
jambase:8293767,
jambase:8249394,
jambase:8056466,
jambase:72440,275
jambase:72259,
jambase:69251,
jambase:68486,200
jambase:6457211,
jambase:64535,
jambase:5577525,
jambase:4683257,2500
jambase:4021624,
jambase:395185,
jambase:393490,
jambase:391010,
jambase:390496,
jambase:389259,2000
jambase:389141,
jambase:348487,
jambase:332008,
jambase:11402419,
jambase:11369136,
jambase:11329648,
jambase:11182625,
jambase:10908439,
jambase:10805917,
jambase:10662994,500
jambase:10119152,
jambase:7180131,2500
jambase:7780382,
jambase:65236,8500
jambase:192809,1400
jambase:11410150,
jambase:62201,2000
jambase:62545,275
jambase:8818930,
jambase:1554482,120
jambase:9968494,
jambase:66358,
jambase:64176,
jambase:4165496,
jambase:63101,1700
jambase:3496593,1300
jambase:67509,
jambase:416883,2500
jambase:379676,800
jambase:67726,
jambase:674921,
jambase:565767,
jambase:365352,
jambase:11160541,
jambase:11150638,
jambase:347060,400
jambase:62269,425
jambase:66336,200
jambase:7395164,15000
jambase:69416,2570
jambase:62276,1270
jambase:63429,1700
jambase:2248842,350
jambase:3306434,500
jambase:7640680,3000
jambase:69867,1000
jambase:62302,2200
jambase:63686,1050
jambase:65381,400
jambase:2324879,100
jambase:7546547,5000
jambase:7947612,3000
jambase:7854410,1050
jambase:9550804,1500
jambase:68427,175
jambase:70567,600
jambase:7854407,350
jambase:4729687,370
jambase:69033,14000
jambase:64683,200
jambase:2253356,600
jambase:10614335,150
jambase:11044468,800
jambase:62629,300
jambase:390248,305
jambase:417146,2400
jambase:328115,392
jambase:72795,2900
jambase:68850,8000
jambase:3298746,1000
jambase:193271,1000
jambase:417057,6000
jambase:62668,150
jambase:393427,
jambase:5901570,2000
jambase:9656715,200
jambase:9198590,
jambase:9411616,
jambase:9198801,
jambase:11069363,250
jambase:72344,1800
jambase:66920,2442
jambase:63090,
jambase:71034,
jambase:5112849,800
jambase:346167,450
jambase:7912369,
jambase:5843926,
jambase:9826321,299
jambase:9198752,
jambase:9198580,
jambase:8108920,2000
jambase:3452954,
jambase:324580,
jambase:9416231,
jambase:9220954,
jambase:9198819,
jambase:8899532,100
jambase:5788248,
jambase:4783433,
jambase:368127,
jambase:325936,
jambase:11152422,
jambase:11049857,
jambase:10987837,
jambase:328637,434
jambase:64487,5130
jambase:71192,
jambase:65681,
jambase:67312,850
jambase:73283,1921
jambase:64032,1641
jambase:73220,1100
jambase:193096,600
jambase:65185,10250
jambase:62792,300
jambase:73817,
jambase:8259764,
jambase:360599,10112
jambase:70407,
jambase:568029,
jambase:346795,9450
jambase:674677,300
jambase:324568,1650
jambase:9008587,
jambase:8441013,
jambase:7925314,
jambase:5552128,
jambase:374625,
jambase:366636,
jambase:325578,
jambase:67289,1200
jambase:2658101,600
jambase:66005,7200
jambase:10521708,
jambase:63390,200
jambase:72362,
jambase:69990,150
jambase:386070,
jambase:69539,
jambase:3886748,
jambase:2052032,
jambase:10593828,300
jambase:366101,1500
jambase:9299868,12000
jambase:63026,2400
jambase:3930391,2200
jambase:5218875,4000
jambase:70931,100
jambase:69086,300
jambase:73539,550
jambase:3090551,175
jambase:9379046,
jambase:7569690,
jambase:66306,
jambase:65489,
jambase:73003,460
jambase:3128137,250
jambase:1538976,10600
jambase:62403,6820
jambase:63349,925
jambase:5915118,1260
jambase:2289813,835
jambase:2248831,130
jambase:364487,1000
jambase:10228775,
jambase:2918681,8000
jambase:418406,
jambase:395413,
jambase:63111,
jambase:62916,
jambase:418564,
jambase:418581,
jambase:340239,
jambase:9409197,
jambase:67077,
jambase:5985465,300
jambase:418375,
jambase:345392,
jambase:11410927,
jambase:65033,1500
jambase:71666,1000
jambase:63697,12000
jambase:7767371,500
jambase:11341210,
jambase:65086,1200
jambase:62618,200
jambase:67415,850
jambase:193737,266
jambase:63005,2768
jambase:66390,299
jambase:62605,200
jambase:73384,20000
jambase:4204564,600
jambase:3980465,3500
jambase:65346,18300
jambase:4172612,600
jambase:569749,1000
jambase:11391103,
jambase:2658105,600
jambase:62406,12600
jambase:328762,2200
jambase:63252,4600
jambase:2701565,2468
jambase:339923,850
jambase:66538,2750
jambase:369987,900
jambase:381914,51447
jambase:63277,5000
jambase:389075,2500
jambase:73993,1000
jambase:68779,
jambase:6257370,250
jambase:9950140,
jambase:7871907,2500
jambase:65543,3000
jambase:336388,
jambase:565794,
jambase:67363,
jambase:66580,2400
jambase:66994,
jambase:66607,
jambase:6056928,
jambase:393284,
jambase:8305303,
jambase:8179568,
jambase:7731557,
jambase:674932,
jambase:417471,
jambase:417386,
jambase:3972533,
jambase:373013,
jambase:10907078,
jambase:10906282,
jambase:66002,300
jambase:68219,997
jambase:399101,
jambase:386041,90
jambase:70498,2200
jambase:5984918,350
jambase:63180,
jambase:63123,400
jambase:65045,180
jambase:192477,550
jambase:62369,550
jambase:64377,1050
jambase:10929981,
jambase:2567262,2500
jambase:62085,2100
jambase:69072,360
jambase:62866,19000
jambase:1490422,7200
jambase:73733,3000
jambase:68683,250
jambase:326745,2000
jambase:373330,65
jambase:68965,360
jambase:71194,3244
jambase:9245791,250
jambase:73503,
jambase:326572,75
jambase:62815,500
jambase:6296145,2500
jambase:6528340,4000
jambase:415661,450
jambase:10938009,
jambase:373817,15000
jambase:5263901,
jambase:7920265,550
jambase:415632,979
jambase:67929,450
jambase:66941,1503
jambase:67882,
jambase:3424197,800
jambase:7502841,
jambase:6550867,12000
jambase:390805,400
jambase:7442472,
jambase:412122,
jambase:9567048,1000
jambase:7993992,
jambase:6160821,
jambase:5998685,
jambase:385480,
jambase:328468,
jambase:11467402,
jambase:64700,400
jambase:7640378,2297
jambase:5902037,
jambase:341896,15000
jambase:64812,450
jambase:63528,
jambase:7640421,
jambase:417245,
jambase:417263,
jambase:8015291,
jambase:65345,
jambase:417259,
jambase:63804,300
jambase:62109,2776
jambase:72519,850
jambase:64448,778
jambase:3380032,200
jambase:62948,1500
jambase:65335,500
jambase:63882,620
jambase:8639540,450
jambase:62371,19980
jambase:357107,400
jambase:5839579,1000
jambase:64571,299
jambase:63168,500
jambase:66659,500
jambase:69459,18000
jambase:63779,325
jambase:68653,548
jambase:68542,275
jambase:340869,300
jambase:67855,300
jambase:3274331,220
jambase:2675647,1200
jambase:64185,1290
jambase:64631,650
jambase:62155,1400
jambase:8698892,550
jambase:9610880,
jambase:11003320,
jambase:70547,225
jambase:63800,2992
jambase:71729,200
jambase:64912,870
jambase:9198539,
jambase:62863,275
jambase:68701,
jambase:7906414,
jambase:63651,12000
jambase:4179431,2500
jambase:9753070,275
jambase:8596352,
jambase:11145367,
jambase:10670013,
jambase:338833,550
jambase:68360,
jambase:2743388,
jambase:72415,
jambase:413633,
jambase:63762,3000
jambase:5886782,
jambase:9640940,
jambase:8108172,
jambase:73025,
jambase:392561,
jambase:332115,
jambase:11236930,
jambase:2840949,1800
jambase:3972527,7688
jambase:392212,
jambase:382272,
jambase:11402418,
jambase:64672,850
jambase:400092,1090
jambase:5689409,4000
jambase:5899531,
jambase:2061168,99
jambase:69492,
jambase:72676,
jambase:340046,2000
jambase:11410218,
jambase:69218,400
jambase:330998,1200
jambase:370736,2195
jambase:63389,20000
jambase:70896,300
jambase:9430879,300
jambase:333817,2400
jambase:64391,500
jambase:63394,4200
jambase:66712,6000
jambase:64814,
jambase:63310,300
jambase:382784,
jambase:7298692,
jambase:394595,
jambase:11205160,
jambase:66627,120
jambase:5729492,200
jambase:575531,
jambase:575541,
jambase:69172,
jambase:381217,
jambase:6496813,
jambase:395946,
jambase:9796527,
jambase:9510509,
jambase:8152118,
jambase:575543,
jambase:574255,
jambase:369821,
jambase:11428032,
jambase:66485,637
jambase:70657,15500
jambase:69522,
jambase:63079,2173
jambase:569849,
jambase:62195,125
jambase:336580,1
jambase:6198539,79
jambase:6055944,
jambase:569834,
jambase:376182,2500
jambase:5693856,2200
jambase:62307,2850
jambase:64289,2000
jambase:324147,1600
jambase:66810,10000
jambase:4377846,335
jambase:5917454,
jambase:5952747,
jambase:65744,
jambase:66168,
jambase:64304,
jambase:8957101,
jambase:381563,
jambase:2915899,375
jambase:62928,604
jambase:73235,600
jambase:326460,900
jambase:66091,1000
jambase:193367,500
jambase:62220,300
jambase:66445,3300
jambase:361236,617
jambase:62591,4562
jambase:335094,2018
jambase:10959575,1286
jambase:66043,1430
jambase:63325,860
jambase:4670480,
jambase:69413,
jambase:9927418,
jambase:9915620,
jambase:73102,
jambase:323769,498
jambase:11387128,
jambase:10444209,
jambase:2843682,250
jambase:73858,
jambase:9471402,800
jambase:71374,175
jambase:63886,
jambase:2063356,
jambase:11402079,
jambase:2866752,200
jambase:66954,1800
jambase:66785,200
jambase:2866753,1000
jambase:11330223,1200
jambase:73783,500
jambase:7821397,5000
jambase:2625761,500
jambase:62238,700
jambase:2681444,6400
jambase:64387,18300
jambase:67358,3000
jambase:62641,16500
jambase:2166011,1000
jambase:67828,2815
jambase:573755,350
jambase:347258,1040
jambase:10579019,1000
jambase:64831,72220
jambase:9198575,
jambase:7713975,1400
jambase:569105,
jambase:3813800,
jambase:73357,2912
jambase:63600,1105
jambase:9198603,
jambase:68590,
jambase:64388,41168
jambase:416774,1544
jambase:63802,1100
jambase:9751809,
jambase:8592725,
jambase:7857663,
jambase:335426,700
jambase:10965256,
jambase:2726020,2750
jambase:63637,250
jambase:73743,180
jambase:192515,850
jambase:395932,400
jambase:367694,252
jambase:66020,
jambase:71808,
jambase:9198761,
jambase:9198726,
jambase:9198669,
jambase:9198588,
jambase:8905779,
jambase:8369785,
jambase:8259424,
jambase:7767373,1000
jambase:569144,600
jambase:416824,
jambase:416804,
jambase:416709,
jambase:365288,
jambase:11253217,
jambase:10611715,
jambase:10392446,
jambase:404620,1400
jambase:192545,13500
jambase:574730,9000
jambase:7865738,500
jambase:5942577,7000
jambase:63146,1850
jambase:419153,3
jambase:404642,
jambase:62736,
jambase:62803,468
jambase:4677267,
jambase:9199043,738
jambase:575851,
jambase:10330239,
jambase:6153143,250
jambase:68916,700
jambase:62705,2556
jambase:63894,1252
jambase:65109,16110
jambase:10756430,3300
jambase:64962,2700
jambase:62563,14500
jambase:62614,2747
jambase:68312,
jambase:5902042,3000
jambase:391727,
jambase:573799,350
jambase:9620387,398
jambase:66934,
jambase:66392,
jambase:568717,
jambase:10995887,
jambase:10431612,
jambase:7833875,1300
jambase:64265,18000
jambase:65353,550
jambase:7845683,1500
jambase:356656,2222
jambase:69110,200
jambase:63517,8000
jambase:63550,500
jambase:62730,1100
jambase:64713,480
jambase:371356,
jambase:68818,
jambase:361079,
jambase:71302,
jambase:67006,
jambase:334605,
jambase:9037898,
jambase:413844,
jambase:2918252,
jambase:2083116,326
jambase:69289,1000
jambase:7770926,7700
jambase:5360317,500
jambase:8596350,100
jambase:402290,2500
jambase:64332,5500
jambase:62732,2400
jambase:402357,1400
jambase:5071533,
jambase:9731333,
jambase:9645129,
jambase:11417872,
jambase:11417870,
jambase:11344745,
jambase:11317768,
jambase:64059,11892
jambase:69925,2298
jambase:63027,5250
jambase:5943171,
jambase:68846,400
jambase:8316426,1200
jambase:6115617,389
jambase:68620,2500
jambase:62883,12482
jambase:7938351,
jambase:10765975,
jambase:73267,750
jambase:67010,800
jambase:66295,1400
jambase:71541,200
jambase:66226,2712
jambase:73390,450
jambase:62326,20600
jambase:64057,19772
jambase:66334,1323
jambase:67344,200
jambase:64777,2277
jambase:71902,5990
jambase:63042,289
jambase:63069,250
jambase:66292,250
jambase:5863686,300
jambase:8553564,2440
jambase:69468,225
jambase:359904,
jambase:327955,650
jambase:340795,1200
jambase:63854,
jambase:332613,175
jambase:64748,10000
jambase:2392274,1000
jambase:11280937,
jambase:64779,7000
jambase:66286,2277
jambase:345697,
jambase:377169,
jambase:67089,
jambase:193638,
jambase:5987496,
jambase:4242517,
jambase:8794444,200
jambase:361077,1180
jambase:329127,600
jambase:9741082,
jambase:9325420,759
jambase:6255178,300
jambase:5987458,
jambase:567516,1200
jambase:10509510,
jambase:65509,
jambase:69333,
jambase:66028,833
jambase:65555,
jambase:2777773,
jambase:6109280,
jambase:62334,310
jambase:65105,500
jambase:69256,300
jambase:62164,1315
jambase:62101,470
jambase:65024,400
jambase:71471,400
jambase:357331,250
jambase:62363,600
jambase:73885,250
jambase:69837,250
jambase:3103905,500
jambase:2679067,700
jambase:347490,1400
jambase:66304,2800
jambase:3856863,750
jambase:9520156,
jambase:65179,1423
jambase:9876022,75
jambase:70026,250
jambase:70648,2850
jambase:62182,2300
jambase:63272,3481
jambase:62775,550
jambase:5386385,18064
jambase:1490545,1700
jambase:63454,200
jambase:8099013,500
jambase:72104,700
jambase:192492,150
jambase:70875,3500
jambase:357362,200
jambase:73245,350
jambase:63699,17496
jambase:65494,1400
jambase:67160,250
jambase:356652,19200
jambase:71380,450
jambase:70990,500
jambase:62361,8500
jambase:62079,22500
jambase:68070,863
jambase:73285,5000
jambase:62063,8500
jambase:62658,140
jambase:62809,3040
jambase:63224,12500
jambase:2739232,400
jambase:63047,2500
jambase:3314059,1600
jambase:365165,200
jambase:9710318,
jambase:9979434,650
jambase:66049,750
jambase:331251,1667
jambase:63142,300
jambase:64850,2869
jambase:74140,2500
jambase:193703,2000
jambase:66724,507
jambase:65256,250
jambase:338105,800
jambase:9198808,
jambase:395642,
jambase:63233,800
jambase:71787,68500
jambase:68757,500
jambase:62295,928
jambase:398595,
jambase:9198862,
jambase:9020032,225
jambase:8344593,400
jambase:62558,41915
jambase:358006,200
jambase:72657,300
jambase:69092,1200
jambase:2277767,1681
jambase:398440,8000
jambase:2625760,700
jambase:392340,140
jambase:65668,
jambase:62767,
jambase:71758,
jambase:72936,
jambase:377468,499
jambase:372130,
jambase:370906,
jambase:2727210,283
jambase:9902874,
jambase:395150,
jambase:8698890,
jambase:63274,685
jambase:68783,240
jambase:66911,110
jambase:62229,
jambase:63557,
jambase:63700,450
jambase:2746169,
jambase:70542,100
jambase:70733,
jambase:65967,802
jambase:70771,
jambase:328682,
jambase:9534313,200
jambase:9198716,
jambase:73030,870
jambase:71232,
jambase:6220159,
jambase:398798,
jambase:358942,
jambase:9748848,
jambase:9669192,
jambase:9198842,
jambase:8924920,
jambase:8425440,
jambase:7598646,
jambase:62850,
jambase:338558,
jambase:10296671,
jambase:9287162,
jambase:9198840,
jambase:9198839,
jambase:9198760,
jambase:9198739,
jambase:9198675,
jambase:398500,
jambase:2377450,
jambase:11422625,
jambase:11126265,
jambase:10891263,
jambase:10645574,1000
jambase:391651,1774
jambase:575797,1200
jambase:10829342,
jambase:66672,375
jambase:326765,900
jambase:370762,
jambase:62284,
jambase:63618,862
jambase:3562942,
jambase:9974745,
jambase:385903,
jambase:347904,1094
jambase:65116,1806
jambase:4235890,537
jambase:337647,
jambase:335523,6972
jambase:332706,
jambase:358353,
jambase:11390119,
jambase:11286334,
jambase:10949252,
jambase:65974,10000
jambase:6080193,1575
jambase:65067,677
jambase:8119232,8000
jambase:7456397,
jambase:68830,1955
jambase:9992068,
jambase:389567,700
jambase:11227490,
jambase:10867507,
jambase:373305,4001
jambase:62586,15261
jambase:66140,500
jambase:73273,
jambase:67698,
jambase:344461,
jambase:390441,
jambase:2751637,
jambase:73436,450
jambase:10994502,200
jambase:9094907,300
jambase:3569324,135
jambase:6216255,
jambase:574542,
jambase:62828,835
jambase:72776,300
jambase:192606,
jambase:8614915,2500
jambase:367215,
jambase:3151352,
jambase:69366,470
jambase:396162,150
jambase:9905927,3000
jambase:64998,17560
jambase:6519446,100
jambase:10380126,5000
jambase:9911748,5000
jambase:66294,2000
jambase:67638,3500
jambase:63898,2600
jambase:69863,
jambase:569830,7898
jambase:62861,
jambase:73521,4400
jambase:64405,6800
jambase:66700,550
jambase:9188105,
jambase:70489,1200
jambase:192725,10000
jambase:344570,2500
jambase:62144,9525
jambase:62413,550
jambase:62450,1100
jambase:62265,1600
jambase:5289554,4000
jambase:1490509,250
jambase:338239,2679
jambase:63869,1000
jambase:62303,650
jambase:64728,450
jambase:66738,450
jambase:68444,1100
jambase:62111,2800
jambase:63427,250
jambase:64620,450
jambase:62114,850
jambase:62989,1870
jambase:9451569,450
jambase:4531868,700
jambase:73219,3900
jambase:69244,75
jambase:70777,425
jambase:62260,530
jambase:64200,18007
jambase:3838035,300
jambase:335164,900
jambase:63917,700
jambase:1490511,225
jambase:9198722,
jambase:7808683,130
jambase:63714,2000
jambase:62469,18000
jambase:66600,1800
jambase:3745066,750
jambase:8375652,
jambase:65051,1500
jambase:7788903,300
jambase:2001875,250
jambase:62194,265
jambase:62555,380
jambase:63702,300
jambase:69494,76125
jambase:9288721,
jambase:66206,500
jambase:64465,400
jambase:66275,
jambase:71507,200
jambase:396051,285
jambase:389458,450
jambase:376200,971
jambase:66611,1150
jambase:64520,300
jambase:73903,
jambase:62648,3656
jambase:62640,2040
jambase:69417,400
jambase:65271,2843
jambase:2363242,300
jambase:4346935,400
jambase:7996262,400
jambase:390536,5005
jambase:569301,7500
jambase:67651,180
jambase:2202052,2000
jambase:67448,
jambase:8756933,175
jambase:377613,250
jambase:11003845,380
jambase:70922,300
jambase:2396401,500
jambase:363144,7200
jambase:65348,400
jambase:66335,
jambase:62459,
jambase:358057,503
jambase:62699,
jambase:7996283,300
jambase:62233,446
jambase:192512,
jambase:193555,
jambase:9198758,
jambase:9198629,
jambase:9198605,
jambase:9198598,
jambase:7903543,400
jambase:400243,
jambase:366993,400
jambase:9542748,
jambase:9198617,
jambase:8804217,
jambase:8656712,
jambase:8274810,275
jambase:65897,
jambase:11322555,
jambase:10488229,
jambase:64074,1300
jambase:63355,
jambase:70073,500
jambase:62715,2000
jambase:3030129,300
jambase:64464,3000
jambase:63884,1180
jambase:68950,600
jambase:358793,10200
jambase:71810,450
jambase:70819,300
jambase:69823,
jambase:388237,
jambase:7490654,200
jambase:73143,1404
jambase:67408,
jambase:6186356,350
jambase:572468,
jambase:569342,
jambase:399810,
jambase:67518,
jambase:6255175,
jambase:399359,75
jambase:365156,
jambase:69406,
jambase:5306422,
jambase:3877111,
jambase:9884539,
jambase:9638592,
jambase:9520158,
jambase:9273383,
jambase:9198877,
jambase:7525207,
jambase:569543,
jambase:395716,
jambase:328286,
jambase:2476941,
jambase:9990357,290
jambase:9447855,
jambase:9427632,100
jambase:9198769,
jambase:9198640,
jambase:9174001,
jambase:8499398,
jambase:8426662,
jambase:8019642,
jambase:7636333,
jambase:7125705,
jambase:6186354,
jambase:6154345,
jambase:5487447,
jambase:429722,
jambase:400151,
jambase:399392,
jambase:3832379,
jambase:374098,
jambase:326805,
jambase:11455854,
jambase:11306911,
jambase:10789243,
jambase:10770375,
jambase:10523532,
jambase:10207767,
jambase:569838,
jambase:63096,2560
jambase:404018,10000
jambase:5933450,325
jambase:3015340,
jambase:11389891,
jambase:62653,185
jambase:68777,650
jambase:69181,300
jambase:63722,300
jambase:62147,1000
jambase:70784,550
jambase:72101,1800
jambase:7501742,2200
jambase:69552,1000
jambase:72432,300
jambase:62226,800
jambase:63401,2600
jambase:65673,21000
jambase:65873,12000
jambase:4673004,900
jambase:63214,500
jambase:62843,1050
jambase:358536,1800
jambase:64685,650
jambase:5359709,350
jambase:8653574,13000
jambase:1538932,400
jambase:66756,2750
jambase:62811,300
jambase:62788,4665
jambase:70879,250
jambase:401996,1100
jambase:9256482,
jambase:62228,6900
jambase:9631532,
jambase:10877422,500
jambase:62609,300
jambase:3335013,83000
jambase:68385,2
jambase:2375860,230
jambase:9198782,
jambase:6054356,5000
jambase:70592,400
jambase:62207,2090
jambase:2840951,41500
jambase:2567266,5000
jambase:63472,
jambase:9771661,
jambase:9312252,
jambase:9198589,
jambase:8059537,708
jambase:10497486,1000
jambase:66849,18920
jambase:68140,1762
jambase:62685,
jambase:345216,
jambase:381462,
jambase:4411493,1096
jambase:393237,
jambase:67191,
jambase:9902920,
jambase:9545620,600
jambase:9198871,
jambase:8082479,
jambase:5999231,
jambase:575195,
jambase:567783,
jambase:567771,
jambase:391949,
jambase:11375917,
jambase:10106493,
jambase:10044122,
jambase:74053,2500
jambase:5961383,1350
jambase:70751,5900
jambase:5522322,
jambase:5491479,
jambase:8856456,
jambase:73259,400
jambase:68580,625
jambase:2762191,2580
jambase:63264,375
jambase:62885,10834
jambase:71102,400
jambase:3976632,1100
jambase:62306,1590
jambase:72607,150
jambase:70076,2404
jambase:371970,
jambase:67153,2100
jambase:66233,650
jambase:371611,
jambase:406796,2000
jambase:11417862,
jambase:63555,400
jambase:358415,
jambase:3313854,
jambase:2253347,
jambase:9733243,
jambase:67790,
jambase:66229,
jambase:323900,
jambase:192579,2963
jambase:65005,5000
jambase:382300,
jambase:65596,400
jambase:68201,700
jambase:69452,200
jambase:63213,1600
jambase:575324,17500
jambase:5031174,300
jambase:9924273,400
jambase:74211,2117
jambase:3066655,2400
jambase:62951,700
jambase:411216,365
jambase:2534105,
jambase:62353,3000
jambase:72567,200
jambase:392934,
jambase:382148,
jambase:9141064,
jambase:66989,500
jambase:63332,15000
jambase:62525,
jambase:1490398,7000
jambase:566863,
jambase:5136243,
jambase:63881,2362
jambase:72553,400
jambase:62437,700
jambase:66240,1844
jambase:6224822,1200
jambase:9402781,
jambase:73852,20000
jambase:63091,500
jambase:64261,400
jambase:71464,499
jambase:7993981,750
jambase:62632,200
jambase:68514,1500
jambase:10195815,250
jambase:63966,90
jambase:72884,6800
jambase:4125278,
jambase:62822,2362
jambase:5404366,4000
jambase:3805676,69143
jambase:392137,250
jambase:71630,300
jambase:63056,
jambase:7595276,7500
jambase:67473,9700
jambase:1538948,100
jambase:8875217,1727
jambase:7986079,1600
jambase:9686195,360
jambase:9959179,
jambase:68142,1000
jambase:68196,312
jambase:4100192,600
jambase:68437,
jambase:5627056,325
jambase:9001360,
jambase:9806733,
jambase:11430564,
jambase:64656,800
jambase:66479,2472
jambase:371801,256
jambase:69103,75
jambase:63201,
jambase:394212,776
jambase:340495,
jambase:9385327,
jambase:7995716,
jambase:7865736,1600
jambase:3951617,135
jambase:10981031,
jambase:9243393,
jambase:8720020,
jambase:5902546,
jambase:565667,
jambase:373326,
jambase:3449396,
jambase:331366,
jambase:3309540,
jambase:11155607,
jambase:10801621,
jambase:10614601,
jambase:65188,10252
jambase:62488,400
jambase:66330,1000
jambase:6666868,600
jambase:67505,250
jambase:3415044,1100
jambase:62242,600
jambase:3101665,4000
jambase:62582,6000
jambase:63136,1000
jambase:6453756,1000
jambase:74219,4300
jambase:63366,2056
jambase:3760284,1000
jambase:5683894,200
jambase:8700963,1000
jambase:69044,1704
jambase:343550,20000
jambase:64459,6450
jambase:372069,2550
jambase:63052,20000
jambase:65004,4000
jambase:72103,500
jambase:416458,250
jambase:64221,100
jambase:68614,2300
jambase:6030633,1500
jambase:3987022,2856
jambase:5984774,500
jambase:369564,1500
jambase:9198812,
jambase:10967365,274
jambase:67409,80000
jambase:67110,49115
jambase:2945408,1000
jambase:65257,1400
jambase:66296,2500
jambase:2482515,1400
jambase:8010404,
jambase:3873702,1800
jambase:70066,150
jambase:70898,300
jambase:5374956,14000
jambase:68807,2062
jambase:390884,
jambase:64269,500
jambase:332651,220
jambase:4670344,5000
jambase:9638594,
jambase:8197521,10000
jambase:8015282,440
jambase:69743,300
jambase:9273385,
jambase:9198847,
jambase:9198794,
jambase:7636332,
jambase:65901,
jambase:64311,
jambase:330094,950
jambase:11219848,
jambase:10450068,200
jambase:62986,3420
jambase:63744,
jambase:4382022,200
jambase:4364703,2500
jambase:389417,165
jambase:387579,
jambase:68804,
jambase:62753,
jambase:4813708,
jambase:389765,
jambase:3486268,
jambase:2482513,
jambase:9860670,
jambase:9621135,
jambase:9545613,
jambase:9381625,
jambase:9343657,
jambase:9198869,
jambase:9198864,
jambase:9198830,
jambase:8856345,
jambase:7389059,
jambase:67135,
jambase:64302,
jambase:6240609,
jambase:6100253,3300
jambase:5689568,
jambase:416586,
jambase:364483,
jambase:331495,
jambase:193809,
jambase:11454006,
jambase:11090820,
jambase:10282872,
jambase:10169438,
jambase:5942866,
jambase:326183,997
jambase:69391,502
jambase:332288,
jambase:64416,400
jambase:63871,600
jambase:4240847,2500
jambase:419470,700
jambase:62213,1700
jambase:64155,475
jambase:7592667,130
jambase:68269,2000
jambase:63675,1000
jambase:62077,971
jambase:74313,9333
jambase:73568,
jambase:73377,
jambase:63738,2255
jambase:62646,17230
jambase:63706,
jambase:67174,386
jambase:429397,
jambase:332473,400
jambase:3374816,
jambase:73433,50
jambase:70661,
jambase:574317,
jambase:339490,
jambase:62927,9100
jambase:5908274,1202
jambase:5359904,
jambase:389955,
jambase:333285,
jambase:396185,
jambase:64638,700
jambase:63431,11442
jambase:9539367,300
jambase:65042,1200
jambase:347088,400
jambase:69025,8000
jambase:62596,
jambase:375384,
jambase:340348,
jambase:359040,1200
jambase:8956483,
jambase:403165,
jambase:375276,
jambase:10822466,4500
jambase:10631244,
jambase:62232,1500
jambase:3030128,4000
jambase:9093622,1014
jambase:7922066,350
jambase:62327,7500
jambase:64745,550
jambase:571477,
jambase:64512,
jambase:67697,500
jambase:5233378,
jambase:3492425,
jambase:66836,
jambase:68849,300
jambase:67967,750
jambase:70098,14593
jambase:64666,3500
jambase:64412,1100
jambase:567300,
jambase:386356,
jambase:71809,12000
jambase:72982,1500
jambase:65475,6500
jambase:337141,
jambase:65564,2650
jambase:70558,300
jambase:70429,300
jambase:69766,1900
jambase:7993987,
jambase:68694,
jambase:11321083,
jambase:10936144,
jambase:63484,325
jambase:573267,450
jambase:71444,600
jambase:69026,1200
jambase:4072200,200
jambase:69422,650
jambase:72367,2500
jambase:62464,1300
jambase:7932731,1000
jambase:65546,250
jambase:62177,1000
jambase:63694,1800
jambase:62543,7000
jambase:9349171,150
jambase:73226,3750
jambase:67920,1300
jambase:383734,200
jambase:379273,3500
jambase:64171,600
jambase:63356,1050
jambase:62186,19500
jambase:69624,175
jambase:3863247,1500
jambase:71582,250
jambase:67700,2000
jambase:6169140,300
jambase:66293,2700
jambase:62425,25000
jambase:69500,7083
jambase:72539,700
jambase:356678,1500
jambase:192495,250
jambase:64370,14000
jambase:64251,1252
jambase:62315,1100
jambase:66428,2000
jambase:5933331,1500
jambase:65319,1200
jambase:388219,5500
jambase:4664824,1000
jambase:62419,67594
jambase:64522,42
jambase:62552,
jambase:363208,658
jambase:394670,150
jambase:346669,125
jambase:65621,1840
jambase:2089551,70
jambase:73287,
jambase:384075,750
jambase:62771,150
jambase:67369,120
jambase:67094,2500
jambase:62709,936
jambase:414618,1014
jambase:9198604,
jambase:8551505,1140
jambase:8970508,310
jambase:8778187,350
jambase:66843,650
jambase:67960,200
jambase:68996,1000
jambase:71379,7500
jambase:69928,1300
jambase:5908055,300
jambase:70516,
jambase:66277,900
jambase:62505,1100
jambase:573941,
jambase:67858,6002
jambase:3435284,1000
jambase:8014139,1000
jambase:6052578,1800
jambase:9198694,
jambase:73603,
jambase:11009958,
jambase:11009955,
jambase:11009954,140
jambase:68746,200
jambase:67623,140
jambase:70579,10500
jambase:62066,2509
jambase:67303,10500
jambase:64092,1000
jambase:414661,1102
jambase:73458,
jambase:70977,
jambase:69479,2700
jambase:337316,
jambase:68194,
jambase:374787,
jambase:7640407,
jambase:69642,
jambase:72704,75
jambase:5117458,300
jambase:330024,1500
jambase:327234,
jambase:73806,1800
jambase:70598,
jambase:5901569,650
jambase:1554476,
jambase:65007,
jambase:9198703,
jambase:6265651,1500
jambase:6231815,
jambase:331788,
jambase:9846133,
jambase:9234095,
jambase:9198665,
jambase:8156191,
jambase:73254,
jambase:67483,
jambase:6269593,
jambase:5626190,250
jambase:335286,
jambase:11456725,
jambase:11322751,
jambase:11009969,
jambase:10371773,1100
jambase:10307806,
jambase:570921,1315
jambase:8010302,
jambase:10656888,
jambase:65197,
jambase:70121,1925
jambase:11368724,
jambase:62673,800
jambase:358895,10000
jambase:69640,
jambase:386754,1084
jambase:63552,
jambase:7640284,350
jambase:62308,25100
jambase:7637011,1000
jambase:66791,110
jambase:66550,500
jambase:65854,982
jambase:63464,2646
jambase:62521,17500
jambase:7542088,300
jambase:62410,2844
jambase:62381,1253
jambase:62131,200
jambase:69420,300
jambase:64816,18000
jambase:9754185,
jambase:417557,
jambase:384063,
jambase:62944,1432
jambase:3095930,400
jambase:69722,700
jambase:570782,
jambase:69393,
jambase:364285,
jambase:8368077,210
jambase:8010402,
jambase:10556688,450
jambase:8866214,
jambase:361960,
jambase:10669189,
jambase:4549113,1200
jambase:70408,7500
jambase:8871872,400
jambase:70369,
jambase:2530072,
jambase:67351,5000
jambase:72077,
jambase:193136,
jambase:70865,
jambase:65391,
jambase:571406,
jambase:5113708,
jambase:4610757,
jambase:419930,
jambase:10407707,
jambase:10392568,
jambase:62168,23500
jambase:2498309,300
jambase:73305,1500
jambase:376311,6964
jambase:68358,1500
jambase:404525,
jambase:323777,2100
jambase:404575,423
jambase:62827,1502
jambase:73770,500
jambase:64290,1500
jambase:69397,
jambase:9027764,
jambase:8288731,
jambase:377733,
jambase:331970,
jambase:10180224,
jambase:358996,732
jambase:62972,747
jambase:2321528,
jambase:73278,720
jambase:64000,2200
jambase:64714,
jambase:413789,740
jambase:65973,1800
jambase:66173,19199
jambase:68873,500
jambase:64104,2800
jambase:70521,2600
jambase:329580,500
jambase:66878,2000
jambase:2931003,2700
jambase:5696809,2000
jambase:9645751,
jambase:379336,2600
jambase:63987,
jambase:324559,20520
jambase:2697214,
jambase:9754194,
jambase:10900050,300
jambase:65072,11300
jambase:7993970,1700
jambase:394955,1500
jambase:7740411,500
jambase:7913737,9500
jambase:62762,2566
jambase:5427916,519
jambase:192521,1200
jambase:66563,
jambase:334752,
jambase:327610,
jambase:72338,899
jambase:4582187,
jambase:3625478,
jambase:9709967,
jambase:7793758,
jambase:3886754,950
jambase:324050,
jambase:345616,5406
jambase:3074195,
jambase:66122,19900
jambase:63100,430
jambase:5047091,600
jambase:62339,1980
jambase:62304,3100
jambase:3390549,730
jambase:73286,1931
jambase:65536,3000
jambase:63810,800
jambase:62909,484
jambase:74073,472
jambase:11160508,
jambase:3508040,
jambase:3449392,350
jambase:68619,241
jambase:62069,
jambase:415307,180
jambase:62855,
jambase:193111,
jambase:8175986,200
jambase:10877415,
jambase:62154,650
jambase:65425,300
jambase:68605,447
jambase:62256,240
jambase:7137105,
jambase:62950,300
jambase:62331,1411
jambase:63008,1000
jambase:62663,803
jambase:72467,96
jambase:192509,500
jambase:73340,220
jambase:3745074,120
jambase:332639,
jambase:571114,
jambase:63518,2000
jambase:64678,10000
jambase:331600,
jambase:566217,
jambase:2904458,
jambase:4855477,
jambase:339166,
jambase:417739,
jambase:389648,
jambase:367695,
jambase:566690,
jambase:417517,
jambase:388833,
jambase:11338203,
jambase:394504,1700
jambase:65692,4100
jambase:362768,500
jambase:674846,1815
jambase:71312,7000
jambase:62136,1800
jambase:69208,2050
jambase:70631,3000
jambase:408475,1500
jambase:7564081,5000
jambase:69745,2000
jambase:10297715,18600
jambase:72905,4000
jambase:10840722,1000
jambase:68548,2500
jambase:7651860,4500
jambase:674844,20000
jambase:73834,2500
jambase:7857679,
jambase:11269002,
jambase:71459,600
jambase:72929,450
jambase:62429,6500
jambase:7938749,2160
jambase:62137,16800
jambase:7640430,323
jambase:346398,11000
jambase:74087,2600
jambase:7855356,500
jambase:66125,12000
jambase:6543684,65000
jambase:8938774,1000
jambase:378494,1500
jambase:74271,2500
jambase:70253,7000
jambase:7638478,298
jambase:66977,
jambase:408515,
jambase:67348,587
jambase:69446,3000
jambase:388951,4000
jambase:3863243,175
jambase:10967452,
jambase:67736,10000
jambase:69781,100
jambase:68840,510
jambase:8840750,
jambase:7702796,8000
jambase:384671,
jambase:357971,1500
jambase:11404780,
jambase:11319616,
jambase:71207,21000
jambase:64331,1300
jambase:7715081,2000
jambase:388360,2050
jambase:8700962,5567
jambase:5851744,85000
jambase:3805234,510
jambase:370323,
jambase:68952,2500
jambase:4603927,5200
jambase:66997,1200
jambase:64344,2000
jambase:63210,9000
jambase:370295,1200
jambase:73489,200
jambase:69314,1000
jambase:3805683,400
jambase:2553242,900
jambase:388680,2500
jambase:362686,2549
jambase:328876,2800
jambase:7646368,
jambase:65458,3000
jambase:9980978,
jambase:68976,80000
jambase:5944503,425
jambase:5689621,5000
jambase:408546,150
jambase:383068,
jambase:3805674,500
jambase:11422586,
jambase:11321874,
jambase:11164609,
jambase:11161957,
jambase:11021037,
jambase:8982646,8395
jambase:8313194,400
jambase:4685916,
jambase:10183621,450
jambase:62073,1000
jambase:62267,500
jambase:69507,2000
jambase:66454,2454
jambase:1490406,200
jambase:69646,700
jambase:64359,250
jambase:69321,1976
jambase:337282,300
jambase:73210,350
jambase:69328,1242
jambase:72874,3000
jambase:2888652,6000
jambase:3573694,450
jambase:67069,382
jambase:3500092,300
jambase:62146,1847
jambase:62578,700
jambase:63670,10000
jambase:65850,150
jambase:2710370,3000
jambase:7633248,2000
jambase:62645,1225
jambase:62231,25262
jambase:71782,1200
jambase:62613,3702
jambase:62105,20356
jambase:62969,1279
jambase:5562745,100
jambase:3085536,350
jambase:62152,850
jambase:360065,260
jambase:369961,60
jambase:9198584,
jambase:62440,200
jambase:9198817,
jambase:64004,7028
jambase:340330,82000
jambase:73519,120
jambase:70573,1500
jambase:420277,513
jambase:5705194,
jambase:70291,800
jambase:67441,41313
jambase:63634,1183
jambase:387405,
jambase:8103755,500
jambase:74017,
jambase:9362068,
jambase:9198849,
jambase:9198531,
jambase:9198841,
jambase:10866597,
jambase:62243,125
jambase:417860,2000
jambase:391184,371
jambase:393020,
jambase:67313,
jambase:330360,
jambase:9487195,
jambase:9198873,
jambase:9198860,
jambase:9198516,
jambase:360723,
jambase:9846331,
jambase:9596483,
jambase:9502459,
jambase:9198890,
jambase:9198829,
jambase:9198523,
jambase:7206939,
jambase:6055945,1123
jambase:5976393,
jambase:567226,
jambase:382207,
jambase:334118,
jambase:3117130,
jambase:71638,3000
jambase:565755,3500
jambase:10146818,6500
jambase:74123,3000
jambase:10822469,6500
jambase:7640679,
jambase:66963,400
jambase:68748,300
jambase:192632,1000
jambase:65243,200
jambase:63076,1700
jambase:63419,5200
jambase:69985,1100
jambase:67472,300
jambase:7580803,850
jambase:62138,18809
jambase:9754187,250
jambase:72550,300
jambase:62727,20000
jambase:6296280,300
jambase:358252,925
jambase:395603,950
jambase:73720,2500
jambase:63990,2827
jambase:66044,
jambase:674884,
jambase:6276878,600
jambase:67765,588
jambase:64022,1800
jambase:7502020,
jambase:63559,395
jambase:2590029,
jambase:62157,
jambase:64546,
jambase:323574,
jambase:356914,
jambase:324922,
jambase:5940733,2000
jambase:413108,2500
jambase:62637,
jambase:5441824,
jambase:8723195,
jambase:11160833,
jambase:573545,
jambase:63347,2417
jambase:67166,1100
jambase:323737,10000
jambase:374331,1751
jambase:9946424,
jambase:64099,1000
jambase:63777,2100
jambase:344577,9877
jambase:63346,2021
jambase:11178251,
jambase:8553579,
jambase:7996291,500
jambase:64509,
jambase:3884141,
jambase:8388868,
jambase:7717868,200
jambase:74132,
jambase:7170307,
jambase:6055812,
jambase:10364891,900
jambase:73445,2254
jambase:71136,
jambase:11333659,
jambase:8078743,500
jambase:67924,18203
jambase:3260892,1000
jambase:62603,1000
jambase:2118773,3500
jambase:4256562,1400
jambase:3141377,1600
jambase:73730,2000
jambase:334237,
jambase:69019,1200
jambase:8330440,2477
jambase:10271337,250
jambase:73821,1500
jambase:7246797,
jambase:62317,7000
jambase:65828,
jambase:64107,300
jambase:63141,
jambase:5826321,100
jambase:5817293,725
jambase:8811082,1098
jambase:11052044,
jambase:6092861,1100
jambase:62431,225
jambase:3567073,1200
jambase:71598,
jambase:192529,
jambase:9749469,
jambase:5696949,
jambase:62672,500
jambase:63851,2500
jambase:68215,350
jambase:62081,100
jambase:71461,75
jambase:63343,2000
jambase:62349,23000
jambase:63248,642
jambase:69974,148
jambase:72230,2200
jambase:62644,2592
jambase:69177,236
jambase:8462694,500
jambase:192972,2500
jambase:2277790,1458
jambase:65528,450
jambase:65129,5000
jambase:10580496,800
jambase:62184,20562
jambase:3415042,500
jambase:63023,3400
jambase:381097,1000
jambase:71848,2800
jambase:4122089,350
jambase:62584,10000
jambase:63306,1509
jambase:8677851,600
jambase:1490451,2800
jambase:65279,1400
jambase:9571642,600
jambase:65578,2955
jambase:336202,1400
jambase:9549609,
jambase:8458977,
jambase:63381,13610
jambase:62323,175
jambase:64832,
jambase:386311,150
jambase:7888614,
jambase:66008,
jambase:412632,
jambase:379921,
jambase:370751,400
jambase:412673,
jambase:393259,
jambase:8965476,
jambase:6041529,1000
jambase:4781671,292
jambase:9851951,
jambase:9198697,
jambase:9090535,300
jambase:575552,
jambase:380972,
jambase:70141,1800
jambase:71215,2500
jambase:339737,
jambase:5932807,
jambase:10225846,
jambase:70720,900
jambase:62382,700
jambase:8936536,
jambase:67529,2611
jambase:69400,22000
jambase:66595,375
jambase:8389699,300
jambase:7730596,2000
jambase:5618840,2000
jambase:9358258,2500
jambase:63628,1400
jambase:69554,619
jambase:65818,125
jambase:66612,2406
jambase:386595,19000
jambase:9635186,
jambase:371203,2500
jambase:73266,
jambase:4666914,2500
jambase:5942862,150
jambase:570683,
jambase:8899444,350
jambase:8229523,
jambase:8010405,
jambase:7960843,
jambase:4354921,
jambase:192648,2310
jambase:71706,910
jambase:62595,
jambase:62273,550
jambase:62297,550
jambase:7473824,300
jambase:63742,1150
jambase:62802,200
jambase:74066,200
jambase:62235,2500
jambase:68045,489
jambase:63808,800
jambase:62516,1800
jambase:9198731,
jambase:62082,2807
jambase:7506222,700
jambase:67027,700
jambase:418698,2479
jambase:62321,1150
jambase:7395083,18000
jambase:65398,55
jambase:192661,200
jambase:62636,23000
jambase:64358,802
jambase:68675,16000
jambase:64480,1507
jambase:62615,450
jambase:65080,5000
jambase:5801081,
jambase:63845,650
jambase:333545,47943
jambase:74020,402
jambase:5854352,716
jambase:63646,250
jambase:3980082,99
jambase:1490560,600
jambase:7809956,2800
jambase:67800,100
jambase:5692732,
jambase:62249,350
jambase:64119,4500
jambase:8965475,67000
jambase:63495,1800
jambase:67674,10000
jambase:73787,2703
jambase:365982,780
jambase:9198718,
jambase:5906910,
jambase:72406,1000
jambase:63237,550
jambase:2549251,250
jambase:67763,6500
jambase:64604,500
jambase:9465032,
jambase:9198549,
jambase:64644,5000
jambase:64445,250
jambase:62744,500
jambase:64690,1500
jambase:64835,1000
jambase:62364,1500
jambase:62808,1620
jambase:3117352,
jambase:332958,
jambase:63754,2963
jambase:364269,125
jambase:5576401,700
jambase:384729,
jambase:64324,
jambase:394933,
jambase:339322,735
jambase:9979151,
jambase:9522194,
jambase:9212521,
jambase:9198882,
jambase:9198602,
jambase:8928752,
jambase:8807107,
jambase:71256,282
jambase:63126,832
jambase:63112,
jambase:6041523,
jambase:418707,
jambase:374896,
jambase:359271,
jambase:3342186,
jambase:329332,
jambase:11464207,
jambase:11411688,
jambase:10607813,
jambase:69955,1819
jambase:9282404,
jambase:7768018,192
jambase:333746,600
jambase:7579483,756
jambase:69923,3000
jambase:7656882,
jambase:9650318,1700
jambase:68713,
jambase:374533,
jambase:9474320,
jambase:389435,
jambase:333515,
jambase:10995981,
jambase:71063,1161
jambase:64723,1500
jambase:71008,
jambase:372921,
jambase:62119,1870
jambase:62616,1908
jambase:2793632,1000
jambase:72780,292
jambase:62078,9500
jambase:65207,200
jambase:8416979,
jambase:405114,
jambase:63361,
jambase:364848,285
jambase:63899,300
jambase:405151,117
jambase:65337,810
jambase:4217466,
jambase:70907,
jambase:70236,
jambase:362844,
jambase:11385792,
jambase:348716,2000
jambase:66983,900
jambase:2849208,
jambase:9262676,400
jambase:7897841,
jambase:62683,2000
jambase:66855,750
jambase:73275,2180
jambase:66147,1114
jambase:65318,300
jambase:63185,1741
jambase:366721,7000
jambase:62218,720
jambase:64090,2031
jambase:62351,800
jambase:10174458,9000
jambase:574141,
jambase:64568,20000
jambase:73281,800
jambase:7933505,10411
jambase:63060,1252
jambase:65297,65618
jambase:62687,299
jambase:63829,700
jambase:568271,1400
jambase:4670513,200
jambase:3843276,
jambase:63471,20500
jambase:69066,
jambase:346999,
jambase:64227,
jambase:401540,2000
jambase:674747,
jambase:11298114,
jambase:64658,
jambase:3973804,175
jambase:375769,300
jambase:348787,
jambase:7585185,
jambase:8657440,
jambase:7229441,
jambase:3884150,
jambase:9643693,
jambase:9635339,
jambase:8189805,
jambase:7579488,
jambase:66923,
jambase:6354899,
jambase:401400,10000
jambase:395239,
jambase:3702562,
jambase:2874638,
jambase:10028896,
jambase:9253105,1500
jambase:66341,2564
jambase:68376,1550
jambase:9255248,1500
jambase:69220,1700
jambase:64368,
jambase:66290,
jambase:9974915,4000
jambase:64773,
jambase:5693179,
jambase:341836,
jambase:66175,1130
jambase:65125,325
jambase:68020,10222
jambase:344208,3000
jambase:357095,2220
jambase:3955457,500
jambase:371087,1300
jambase:72024,4000
jambase:70745,11000
jambase:571837,
jambase:63691,
jambase:3971929,
jambase:358784,
jambase:329349,
jambase:328619,4000
jambase:11294753,
jambase:10616274,
jambase:3848796,1000
jambase:9195713,500
jambase:3843296,1300
jambase:3500087,851
jambase:66088,3866
jambase:3151328,250
jambase:64361,
jambase:9640926,
jambase:4824826,
jambase:7381273,6000
jambase:9027755,
jambase:377369,3750
jambase:575713,
jambase:73531,400
jambase:73716,16182
jambase:63247,2353
jambase:377298,1200
jambase:68741,500
jambase:63219,1275
jambase:63930,761
jambase:366672,10132
jambase:336656,2100
jambase:2462491,70
jambase:192737,2500
jambase:5985297,
jambase:6429782,
jambase:6389512,
jambase:5640433,
jambase:370930,2000
jambase:8766354,240
jambase:8154188,330
jambase:62949,804
jambase:8259808,1500
jambase:343285,2600
jambase:193369,330
jambase:192485,
jambase:6534590,
jambase:405646,
jambase:3358569,
jambase:62702,426
jambase:69941,1200
jambase:341959,3383
jambase:68028,18000
jambase:73241,300
jambase:392861,
jambase:346588,
jambase:348457,
jambase:567670,
jambase:379102,
jambase:70630,400
jambase:64609,2500
jambase:5687572,2000
jambase:63668,1600
jambase:64341,7500
jambase:62153,24790
jambase:68346,1600
jambase:62225,288
jambase:6660667,18000
jambase:62255,2000
jambase:62310,2096
jambase:68192,600
jambase:66221,70000
jambase:63480,200
jambase:62211,600
jambase:329786,1736
jambase:67506,3154
jambase:7259138,400
jambase:391410,
jambase:9229321,160
jambase:8393322,
jambase:68543,56127
jambase:72864,6800
jambase:66544,1200
jambase:346574,640
jambase:568315,475
jambase:403417,500
jambase:9639153,135
jambase:73252,120
jambase:71493,200
jambase:64418,
jambase:65308,
jambase:4670725,150
jambase:328695,
jambase:9198637,
jambase:403493,
jambase:367393,
jambase:11440865,
jambase:11235527,
jambase:11204718,
jambase:11147883,
jambase:65586,1500
jambase:64932,1800
jambase:72070,500
jambase:5302324,300
jambase:70821,1000
jambase:9134907,100
jambase:10218430,450
jambase:74243,220
jambase:67711,720
jambase:65442,200
jambase:69997,3565
jambase:7115507,
jambase:69456,6000
jambase:418071,1501
jambase:62882,8500
jambase:66097,150
jambase:3198746,1800
jambase:5893486,2000
jambase:5833365,300
jambase:9996008,
jambase:3151324,
jambase:7754023,2062
jambase:3613846,1300
jambase:372644,8000
jambase:3117357,
jambase:2001900,
jambase:9978410,
jambase:70109,2300
jambase:674928,1300
jambase:7170322,2000
jambase:65427,
jambase:8039352,640
jambase:337627,
jambase:62669,250
jambase:62219,350
jambase:62089,650
jambase:66332,1550
jambase:62756,350
jambase:329352,2087
jambase:362391,2206
jambase:64409,962
jambase:68397,100
jambase:62520,625
jambase:71295,400
jambase:6029239,1850
jambase:69340,300
jambase:391544,360
jambase:3510723,8400
jambase:66412,20554
jambase:2739234,2500
jambase:62065,19356
jambase:64556,2181
jambase:64135,2100
jambase:63999,1014
jambase:342728,540
jambase:2281242,66655
jambase:3204124,3500
jambase:10005434,1688
jambase:64193,3000
jambase:70074,1800
jambase:63969,2000
jambase:2301326,1014
jambase:64298,261
jambase:73253,1058
jambase:74058,
jambase:7673465,
jambase:63360,2600
jambase:380107,175
jambase:192652,550
jambase:68978,40000
jambase:346671,622
jambase:7764789,1200
jambase:365469,468
jambase:7574966,6000
jambase:5928164,
jambase:67224,17000
jambase:2600196,250
jambase:68461,700
jambase:73838,
jambase:407347,
jambase:3968167,
jambase:329345,700
jambase:407346,20000
jambase:2687879,4430
jambase:73919,
jambase:68493,
jambase:5697333,
jambase:407156,
jambase:8332362,630
jambase:68616,
jambase:6110237,250
jambase:395705,
jambase:3832380,
jambase:9844500,
jambase:9106638,
jambase:68795,
jambase:4394329,
jambase:393420,
jambase:11361367,
jambase:11211655,
jambase:346304,1400
jambase:62185,300
jambase:66651,1500
jambase:6391016,200
jambase:70525,600
jambase:3613841,464
jambase:65231,18118
jambase:573786,361
jambase:64373,8400
jambase:64294,650
jambase:64283,2100
jambase:192602,350
jambase:62977,864
jambase:64724,11000
jambase:63217,600
jambase:8924559,
jambase:72129,400
jambase:62670,400
jambase:394567,750
jambase:341819,
jambase:67304,2500
jambase:68445,400
jambase:344969,
jambase:3204119,301
jambase:575757,
jambase:5760889,150
jambase:388627,417
jambase:63119,
jambase:9556817,
jambase:5493705,100
jambase:373665,7708
jambase:400841,1260
jambase:11029805,3500
jambase:64675,30000
jambase:392084,12500
jambase:357265,800
jambase:347266,
jambase:2629728,
jambase:11376198,
jambase:396163,725
jambase:62141,1500
jambase:333311,1300
jambase:64563,500
jambase:10063879,7000
jambase:62356,20500
jambase:63133,1200
jambase:68942,600
jambase:7500343,4500
jambase:68115,600
jambase:66703,2500
jambase:72706,350
jambase:332792,550
jambase:64025,17556
jambase:8029443,2200
jambase:71873,600
jambase:66062,20500
jambase:70902,1500
jambase:63867,65000
jambase:66402,
jambase:4714113,1300
jambase:324718,42319
jambase:357298,700
jambase:7972292,4000
jambase:71166,60
jambase:374868,2719
jambase:5689563,556
jambase:356964,
jambase:68081,50
jambase:69615,653
jambase:66303,
jambase:71377,1500
jambase:71081,390
jambase:412924,437
jambase:8381531,
jambase:4889221,
jambase:9639281,
jambase:7165917,500
jambase:67794,
jambase:6532702,
jambase:6286211,
jambase:5413419,
jambase:371615,
jambase:67528,14000
jambase:66752,3024
jambase:62830,
jambase:70699,950
jambase:372920,1
jambase:11275280,
jambase:67721,8000
jambase:63826,2424
jambase:373949,901
jambase:62454,300
jambase:64033,
jambase:575876,
jambase:7640522,
jambase:10307091,960
jambase:69983,550
jambase:62903,1575
jambase:5271930,1500
jambase:66209,7647
jambase:343318,1500
jambase:347395,1750
jambase:368180,
jambase:64115,
jambase:379985,
jambase:6198527,2500
jambase:3796509,2300
jambase:8010398,1200
jambase:71794,4200
jambase:361667,2782
jambase:336193,1154
jambase:5359246,600
jambase:412996,700
jambase:67749,11200
jambase:429303,
jambase:8966152,
jambase:6943245,
jambase:6196946,
jambase:573895,1574
jambase:10847638,
jambase:324115,
jambase:6528764,
jambase:63669,
jambase:4354105,800
jambase:66182,2676
jambase:64569,380
jambase:5045076,1470
jambase:69023,1500
jambase:73257,140
jambase:74070,500
jambase:73984,17758
jambase:67170,800
jambase:63751,1369
jambase:71313,350
jambase:63032,23000
jambase:69705,1047
jambase:72805,195
jambase:6251194,800
jambase:3329202,175
jambase:9732547,250
jambase:366866,12508
jambase:63721,200
jambase:63853,1300
jambase:5397754,4000
jambase:62799,2800
jambase:62117,250
jambase:62515,
jambase:2747599,500
jambase:64394,1300
jambase:6518289,
jambase:64161,38362
jambase:63745,
jambase:7725716,887
jambase:11232236,
jambase:66846,
jambase:364351,600
jambase:574814,1440
jambase:69511,
jambase:62414,
jambase:9287161,
jambase:11296947,
jambase:10344119,175
jambase:326844,
jambase:69322,
jambase:7768004,150
jambase:7798902,350
jambase:68659,476
jambase:62838,933
jambase:73255,1000
jambase:8494257,5009
jambase:66793,2626
jambase:7748627,500
jambase:73152,2500
jambase:3949447,800
jambase:64232,194
jambase:3156588,300
jambase:3080394,320
jambase:68396,725
jambase:674826,885
jambase:9531630,1000
jambase:63160,9000
jambase:5764054,1200
jambase:65984,1093
jambase:8051008,3500
jambase:68955,330
jambase:5769171,500
jambase:65773,2000
jambase:5841425,650
jambase:68434,19580
jambase:74079,2160
jambase:64196,1304
jambase:64233,575
jambase:62513,895
jambase:66913,225
jambase:62677,500
jambase:8397644,300
jambase:62176,2700
jambase:73319,2200
jambase:62409,65878
jambase:62839,1215
jambase:62172,105
jambase:62510,2300
jambase:67335,200
jambase:9831194,1000
jambase:62992,5200
jambase:65307,37731
jambase:64860,118
jambase:68579,300
jambase:70835,250
jambase:2798472,
jambase:5979213,1300
jambase:70110,525
jambase:65922,700
jambase:7767372,761
jambase:193754,100
jambase:9077684,180
jambase:5267695,
jambase:66661,3500
jambase:62856,100
jambase:71982,395
jambase:62894,880
jambase:62156,900
jambase:62877,2300
jambase:66419,2300
jambase:62713,2800
jambase:72256,400
jambase:62718,80
jambase:64739,3000
jambase:62324,888
jambase:66228,200
jambase:361426,1500
jambase:8188703,587
jambase:11032105,
jambase:62158,14800
jambase:2001933,300
jambase:62565,200
jambase:3764335,11770
jambase:327384,1700
jambase:340514,822
jambase:363055,1051
jambase:8321041,600
jambase:9539368,
jambase:9583091,
jambase:9496233,
jambase:11291018,
jambase:62234,1000
jambase:72587,
jambase:380326,
jambase:63799,100
jambase:356713,600
jambase:8197633,
jambase:9297286,
jambase:192584,
jambase:9198749,
jambase:9198521,
jambase:361892,
jambase:11520876,
jambase:10847630,
jambase:10447277,240
jambase:62227,1279
jambase:65020,7200
jambase:392633,1900
jambase:65239,1600
jambase:5470975,450
jambase:62769,
jambase:417572,200
jambase:63276,15000
jambase:388986,668
jambase:68904,260
jambase:2858107,
jambase:378154,
jambase:3140593,
jambase:64128,702
jambase:71749,
jambase:395438,
jambase:9510510,
jambase:9198768,
jambase:9198639,
jambase:9198591,
jambase:8592589,500
jambase:69620,
jambase:566158,250
jambase:365989,
jambase:9980979,
jambase:9799259,
jambase:9526541,
jambase:9198764,
jambase:8217830,
jambase:8117480,
jambase:393892,
jambase:2236294,
jambase:9970207,50
jambase:9487664,822
jambase:9198574,
jambase:8516263,
jambase:8379928,
jambase:8117495,
jambase:8117479,
jambase:571076,
jambase:347971,
jambase:328349,
jambase:11425036,
jambase:11170616,
jambase:11103688,
jambase:10544985,
jambase:63114,1000
jambase:62281,120
jambase:62624,17805
jambase:4775678,2000
jambase:67979,1200
jambase:357128,100
jambase:71391,1200
jambase:64042,100
jambase:65930,200
jambase:8053735,400
jambase:64199,1010
jambase:67353,850
jambase:62167,2600
jambase:73729,76
jambase:62518,250
jambase:3447356,300
jambase:378898,918
jambase:334219,1780
jambase:64456,300
jambase:336227,3000
jambase:68909,1000
jambase:363257,2243
jambase:2447979,1065
jambase:370343,
jambase:361256,300
jambase:62985,10000
jambase:62514,
jambase:63212,200
jambase:342687,
jambase:5618859,
jambase:4395955,
jambase:328811,
jambase:8316427,
jambase:7760824,
jambase:7593847,
jambase:6488410,
jambase:6220162,
jambase:404805,
jambase:11459355,
jambase:7650183,
jambase:370907,10000
jambase:4116367,1978
jambase:5403012,
jambase:65765,15000
jambase:65134,400
jambase:68041,3901
jambase:192508,950
jambase:73258,200
jambase:66107,200
jambase:11160821,
jambase:62953,12428
jambase:62206,1000
jambase:3233677,250
jambase:4801259,
jambase:2669429,
jambase:66711,
jambase:336256,
jambase:64624,21000
jambase:2184459,600
jambase:62610,870
jambase:70093,260
jambase:63044,19000
jambase:2392276,550
jambase:68764,6000
jambase:66746,1700
jambase:5745608,
jambase:7062670,
jambase:571439,2400
jambase:69132,3000
jambase:67139,
jambase:569206,
jambase:341482,
jambase:192561,
jambase:11099841,
jambase:2664621,750
jambase:73935,2000
jambase:66022,500
jambase:62778,750
jambase:62725,19500
jambase:65467,20200
jambase:62482,2460
jambase:5689619,200
jambase:365344,400
jambase:7857592,1500
jambase:62925,120
jambase:73513,5000
jambase:67146,1193
jambase:5359236,250
jambase:63629,9605
jambase:387403,75412
jambase:62790,2118
jambase:2596873,
jambase:70873,1673
jambase:4102654,500
jambase:4311636,
jambase:9930131,992
jambase:9906934,600
jambase:334451,2095
jambase:64589,135
jambase:334456,
jambase:64142,
jambase:9945710,
jambase:9078464,400
jambase:394917,
jambase:11192262,
jambase:11136143,
jambase:62391,956
jambase:65656,125
jambase:334447,
jambase:364352,
jambase:411700,600
jambase:7717044,400
jambase:9198748,
jambase:9198595,
jambase:344773,
jambase:9642937,
jambase:9519226,
jambase:8603929,1400
jambase:387251,227
jambase:11415901,
jambase:10822468,
jambase:10696315,
jambase:10315188,3500
jambase:10020820,
jambase:325001,
jambase:70466,2000
jambase:8015286,
jambase:8838623,
jambase:376310,10000
jambase:395380,
jambase:62100,1900
jambase:73928,900
jambase:65394,4092
jambase:68160,550
jambase:62360,300
jambase:65767,1500
jambase:69144,1730
jambase:2838972,5500
jambase:358757,2966
jambase:3823882,600
jambase:8081599,
jambase:66734,426
jambase:68228,67838
jambase:72934,1800
jambase:345605,
jambase:11100757,
jambase:63776,598
jambase:3151332,
jambase:11220715,
jambase:360983,200
jambase:400759,
jambase:5121017,
jambase:400786,
jambase:386546,
jambase:67021,
jambase:9489230,900
jambase:6072440,
jambase:567915,
jambase:400771,
jambase:64859,650
jambase:374617,75
jambase:357755,2688
jambase:10983832,
jambase:402112,1030
jambase:8112451,60
jambase:346151,9000
jambase:62115,1200
jambase:73550,500
jambase:62126,400
jambase:70570,1154
jambase:3843295,325
jambase:62995,2500
jambase:397193,
jambase:8402792,300
jambase:5900208,850
jambase:64786,2289
jambase:73185,8962
jambase:62289,650
jambase:63017,5000
jambase:326102,600
jambase:73563,1200
jambase:5746011,
jambase:569835,
jambase:64951,1874
jambase:192767,600
jambase:395914,1785
jambase:328782,8284
jambase:73148,283
jambase:391903,1425
jambase:2679077,1477
jambase:333913,250
jambase:388132,1800
jambase:340665,
jambase:3573436,
jambase:11399653,
jambase:11376163,
jambase:11184718,
jambase:65890,397
jambase:62577,2012
jambase:5689412,400
jambase:66201,2500
jambase:5306421,100
jambase:323643,1600
jambase:63256,9200
jambase:8173019,150
jambase:7611319,
jambase:2404498,100
jambase:9903237,1000
jambase:62268,2200
jambase:3465866,1400
jambase:64639,399
jambase:8631198,
jambase:71111,18972
jambase:64673,350
jambase:63039,3000
jambase:64921,700
jambase:62696,500
jambase:2614650,1600
jambase:70193,100
jambase:67751,1078
jambase:63548,7958
jambase:73825,1332
jambase:62128,1050
jambase:62316,800
jambase:67895,5800
jambase:69221,1800
jambase:66743,1150
jambase:65995,76416
jambase:63904,1900
jambase:6556311,3000
jambase:64160,300
jambase:11450211,
jambase:73416,2
jambase:335498,450
jambase:66775,750
jambase:3816797,
jambase:62134,18000
jambase:3551834,150
jambase:2743386,1600
jambase:339078,
jambase:333091,1341
jambase:72967,
jambase:569776,
jambase:5367990,
jambase:9877000,
jambase:5318302,
jambase:379461,1200
jambase:62837,4803
jambase:62125,750
jambase:73566,500
jambase:72181,650
jambase:68685,1100
jambase:68553,300
jambase:67281,4000
jambase:358663,1450
jambase:63117,1200
jambase:73782,4000
jambase:62362,30000
jambase:68362,250
jambase:69753,10000
jambase:7938300,460
jambase:71583,16294
jambase:73428,150
jambase:64991,2565
jambase:68431,3200
jambase:62900,1600
jambase:62451,2630
jambase:6193131,5000
jambase:341275,2799
jambase:69641,320
jambase:68809,3707
jambase:66467,4000
jambase:71140,
jambase:364766,
jambase:63556,
jambase:72335,300
jambase:324654,
jambase:62536,
jambase:384997,
jambase:343915,
jambase:11307456,
jambase:11297782,
jambase:67193,1187
jambase:8141372,
jambase:341805,
jambase:323645,6500
jambase:73479,
jambase:4055901,1000
jambase:62569,23000
jambase:5841466,3000
jambase:69436,700
jambase:386098,200
jambase:5787909,2300
jambase:62573,500
jambase:62659,1075
jambase:9564408,500
jambase:72361,850
jambase:411282,14665
jambase:337246,600
jambase:62888,
jambase:567507,7061
jambase:395780,
jambase:62150,
jambase:4535820,275
jambase:385080,
jambase:11375965,
jambase:72478,1655
jambase:62171,1500
jambase:62492,20000
jambase:9781235,350
jambase:62467,6500
jambase:401031,362
jambase:63059,2016
jambase:65258,2521
jambase:7488834,350
jambase:64195,400
jambase:69790,75
jambase:5181028,300
jambase:3764327,2700
jambase:573241,1022
jambase:7334800,2000
jambase:4307140,1000
jambase:380626,1000
jambase:69247,1200
jambase:7640397,1741
jambase:68120,1250
jambase:71846,2700
jambase:565648,10000
jambase:384159,
jambase:5746008,400
jambase:9442893,750
jambase:8648456,10072
jambase:2333603,1500
jambase:67433,300
jambase:65022,350
jambase:67391,
jambase:329669,
jambase:333880,110
jambase:64343,200
jambase:343316,
jambase:344136,
jambase:69455,200
jambase:8094851,
jambase:401050,
jambase:11285021,
jambase:65093,5014
jambase:395409,300
jambase:2437578,
jambase:72619,
jambase:5504428,
jambase:2746171,700
jambase:8458310,
jambase:5170809,
jambase:401098,
jambase:2707943,
jambase:11376073,
jambase:11364069,
jambase:10920866,
jambase:10451710,
jambase:73833,500
jambase:62332,384
jambase:9041017,6000
jambase:358489,400
jambase:6110216,
jambase:3799392,1149
jambase:402411,988
jambase:3095926,
jambase:3144924,
jambase:420216,
jambase:62107,300
jambase:66566,350
jambase:62135,800
jambase:66367,1300
jambase:62760,724
jambase:572901,718
jambase:4626056,400
jambase:63152,
jambase:68940,10000
jambase:358789,
jambase:572895,300
jambase:5360631,
jambase:10483820,
jambase:4043746,2150
jambase:65073,1500
jambase:63116,2000
jambase:67158,2471
jambase:367851,10500
jambase:67031,1200
jambase:66503,
jambase:9188594,560
jambase:65221,
jambase:391303,3500
jambase:4382020,800
jambase:11403660,
jambase:409558,400
jambase:64262,700
jambase:62453,1000
jambase:65306,270
jambase:62537,300
jambase:63378,821
jambase:63227,1985
jambase:71307,360
jambase:359471,650
jambase:7640523,7000
jambase:66300,1400
jambase:66184,2300
jambase:63708,15000
jambase:65959,120
jambase:4393715,400
jambase:71236,500
jambase:329305,590
jambase:7498903,
jambase:68625,500
jambase:4333161,2500
jambase:409658,514
jambase:8724485,3000
jambase:10518356,
jambase:63663,
jambase:70184,400
jambase:64606,
jambase:409605,
jambase:368649,
jambase:6507020,
jambase:388701,
jambase:383823,
jambase:361843,
jambase:327698,
jambase:193796,
jambase:11268132,
jambase:10791052,
jambase:67938,16000
jambase:69631,8500
jambase:72917,1
jambase:66413,2500
jambase:7725721,1147
jambase:66216,7000
jambase:326040,5000
jambase:370406,1350
jambase:193471,1000
jambase:2612255,278
jambase:63365,21000
jambase:68266,1300
jambase:62575,650
jambase:71479,330
jambase:358453,20737
jambase:4314405,150
jambase:64073,2500
jambase:71505,2700
jambase:7286286,3500
jambase:62553,2462
jambase:64153,4569
jambase:401241,585
jambase:193516,100
jambase:575256,135
jambase:11178458,
jambase:66978,1200
jambase:2885137,400
jambase:2906526,2166
jambase:324891,2000
jambase:6064370,1000
jambase:364500,2500
jambase:8014146,1000
jambase:62484,2600
jambase:381857,65326
jambase:3042080,555
jambase:574675,120
jambase:3071079,3000
jambase:8620435,
jambase:11459123,
jambase:378511,1471
jambase:68615,498
jambase:379733,3500
jambase:365710,2372
jambase:10909542,150
jambase:371414,2000
jambase:395909,1500
jambase:66055,400
jambase:395158,10000
jambase:3098547,3200
jambase:70001,961
jambase:7581058,2500
jambase:392865,1300
jambase:9429560,
jambase:9323804,
jambase:8371848,
jambase:328145,400
jambase:11289146,
jambase:64599,1191
jambase:63632,10000
jambase:68897,2500
jambase:65702,
jambase:386830,10000
jambase:328146,
jambase:391488,36742
jambase:328749,
jambase:8838915,
jambase:8837228,
jambase:8147482,5000
jambase:7710695,2500
jambase:341416,
jambase:2321531,
jambase:9785645,
jambase:9773515,6566
jambase:9715783,
jambase:9690990,
jambase:9406822,2000
jambase:9217320,
jambase:9198668,
jambase:7540813,
jambase:7398919,
jambase:6495467,
jambase:574153,
jambase:568121,
jambase:5414921,
jambase:401215,
jambase:388741,
jambase:339240,
jambase:328187,5083
jambase:193100,
jambase:11345397,
jambase:11166686,
jambase:10250726,100
jambase:10167037,
jambase:403838,1155
jambase:63331,1038
jambase:67205,6005
jambase:62241,300
jambase:64205,1000
jambase:66029,300
jambase:64868,1500
jambase:10270733,300
jambase:62102,350
jambase:9694392,14000
jambase:62712,2443
jambase:62426,400
jambase:67530,2564
jambase:62064,19319
jambase:405482,4024
jambase:10259311,300
jambase:64100,2300
jambase:6008475,4000
jambase:356694,650
jambase:62571,4341
jambase:9198753,
jambase:9198711,
jambase:363664,725
jambase:62979,400
jambase:63299,1896
jambase:405431,
jambase:328700,
jambase:8459806,
jambase:192591,
jambase:9651443,
jambase:9639188,990
jambase:9496234,
jambase:9198680,
jambase:9198576,
jambase:574377,
jambase:11206148,
jambase:11009986,
jambase:325821,
jambase:63905,2168
jambase:73826,13500
jambase:361678,
jambase:67076,450
jambase:73308,965
jambase:70503,450
jambase:62163,800
jambase:358143,2750
jambase:64346,13295
jambase:62319,550
jambase:64836,10200
jambase:63834,13295
jambase:7442049,2000
jambase:8473782,600
jambase:415416,
jambase:193054,200
jambase:2277788,15000
jambase:9637241,250
jambase:7206917,
jambase:67615,500
jambase:3906069,8300
jambase:62365,500
jambase:332194,6812
jambase:3109324,2000
jambase:3109316,
jambase:68150,2042
jambase:63084,250
jambase:327068,
jambase:9439944,250
jambase:7170315,
jambase:11269670,
jambase:63271,400
jambase:63020,2500
jambase:394184,300
jambase:7540814,270
jambase:68343,12364
jambase:67323,759
jambase:5851886,
jambase:8552469,496
jambase:62541,5000
jambase:67487,
jambase:62495,
jambase:357019,300
jambase:10324856,
jambase:346280,956
jambase:324967,10240
jambase:6371706,
jambase:68121,1000
jambase:62335,419
jambase:2462488,300
jambase:9301362,4500
jambase:1554501,17608
jambase:66973,1248
jambase:8544727,2500
jambase:62127,975
jambase:6074192,200
jambase:192524,150
jambase:73329,492
jambase:65081,108
jambase:65146,2042
jambase:63998,18500
jambase:7857667,100
jambase:399040,3849
jambase:379326,150
jambase:70112,2400
jambase:327209,
jambase:399056,25000
jambase:71957,
jambase:65087,12000
jambase:9238470,
jambase:64038,
jambase:4198432,400
jambase:389624,1800
jambase:63502,2500
jambase:324283,
jambase:7949071,700
jambase:8128149,
jambase:6347103,
jambase:339910,1000
jambase:63408,1800
jambase:67247,1200
jambase:67003,
jambase:70249,
jambase:327672,
jambase:64140,
jambase:364086,3500
jambase:65697,
jambase:65637,
jambase:5521855,
jambase:385193,
jambase:377928,
jambase:333945,
jambase:9788377,
jambase:8736676,198
jambase:8609596,
jambase:67412,
jambase:6439734,
jambase:62819,
jambase:2625271,
jambase:2567274,
jambase:65292,850
jambase:63575,1127
jambase:9249998,11000
jambase:68852,2057
jambase:64844,3700
jambase:372447,2200
jambase:3856873,2557
jambase:344481,125
jambase:66227,62000
jambase:10928904,
jambase:8066972,150
jambase:11315387,
jambase:62533,700
jambase:62567,1631
jambase:71694,250
jambase:69085,1000
jambase:63070,21678
jambase:2374345,1200
jambase:72148,500
jambase:416195,7141
jambase:64084,550
jambase:6724430,6500
jambase:416199,250
jambase:4254241,
jambase:3796498,
jambase:70006,1200
jambase:193432,
jambase:69010,
jambase:357428,
jambase:7487017,
jambase:9282694,
jambase:7269397,1250
jambase:64365,1496
jambase:67410,19000
jambase:68471,1000
jambase:74260,300
jambase:66093,550
jambase:3212138,1800
jambase:71258,250
jambase:63720,850
jambase:64031,1500
jambase:63636,250
jambase:6278203,5000
jambase:62309,18422
jambase:66432,1600
jambase:67169,1000
jambase:62719,2650
jambase:72291,18300
jambase:63362,20106
jambase:3805222,300
jambase:6027643,500
jambase:8080619,300
jambase:7865739,
jambase:9077683,300
jambase:347427,1364
jambase:64052,165
jambase:11367970,
jambase:66874,200
jambase:63995,1500
jambase:360657,1400
jambase:8727393,1200
jambase:70405,1588
jambase:2425559,650
jambase:7590524,550
jambase:360192,250
jambase:72050,18422
jambase:62503,350
jambase:68212,300
jambase:70301,15000
jambase:9982070,
jambase:62404,4950
jambase:73306,1000
jambase:328699,1064
jambase:370929,5100
jambase:63950,600
jambase:333499,51000
jambase:1538961,48
jambase:323616,63400
jambase:341947,20000
jambase:11246953,
jambase:67611,300
jambase:63546,853
jambase:71156,3000
jambase:68575,2256
jambase:65078,2312
jambase:68214,550
jambase:358732,200
jambase:378072,1235
jambase:8014214,300
jambase:7393835,
jambase:64870,480
jambase:378166,
jambase:10189892,1400
jambase:74097,1000
jambase:64012,100
jambase:395440,
jambase:9249997,5000
jambase:8762425,350
jambase:392705,320
jambase:347840,
jambase:9801754,
jambase:9778418,
jambase:9521150,144
jambase:8362948,
jambase:7993994,1300
jambase:7955139,
jambase:7704606,
jambase:6247710,
jambase:6205693,
jambase:397060,
jambase:391553,
jambase:374834,
jambase:368362,
jambase:368182,
jambase:364201,
jambase:341310,
jambase:11498303,
jambase:11422628,
jambase:11421214,
jambase:11301741,
jambase:11170090,
jambase:10186678,
jambase:10028233,
jambase:9311421,500
jambase:407551,950
jambase:62507,200
jambase:68270,200
jambase:8109438,200
jambase:2639079,2600
jambase:71773,280
jambase:73238,575
jambase:384038,2804
jambase:73437,250
jambase:63232,650
jambase:62097,1200
jambase:65589,499
jambase:62853,1400
jambase:5278740,200
jambase:62350,180
jambase:2801032,1800
jambase:4175995,1000
jambase:62108,20789
jambase:66310,700
jambase:65118,150
jambase:7264223,984
jambase:68641,1573
jambase:67996,500
jambase:3821583,675
jambase:71334,200
jambase:6231804,250
jambase:66713,600
jambase:5721161,200
jambase:7347631,1568
jambase:62098,6015
jambase:62094,1300
jambase:67326,800
jambase:11067462,3500
jambase:62810,450
jambase:65893,599
jambase:382624,350
jambase:9482062,650
jambase:62088,1800
jambase:69108,2000
jambase:64534,1367
jambase:70986,600
jambase:3821582,675
jambase:566483,3800
jambase:69878,3000
jambase:67192,350
jambase:69798,19500
jambase:62170,1500
jambase:3066659,800
jambase:2525735,750
jambase:361164,1200
jambase:7624432,500
jambase:9198785,
jambase:70258,19000
jambase:6433198,1000
jambase:62074,2894
jambase:62523,600
jambase:64875,2100
jambase:62380,1850
jambase:192720,200
jambase:7857634,100
jambase:10946623,200
jambase:64524,2800
jambase:62383,450
jambase:371303,88
jambase:65954,200
jambase:3805684,3000
jambase:2202036,199
jambase:9821701,100
jambase:8112450,400
jambase:67375,2137
jambase:63303,3352
jambase:73196,200
jambase:1490391,200
jambase:7583704,5700
jambase:7993962,75
jambase:62347,17500
jambase:396117,640
jambase:67025,2800
jambase:393634,3200
jambase:2246393,125
jambase:5796718,100
jambase:69383,50000
jambase:63359,317
jambase:8319925,900
jambase:8181266,750
jambase:62964,5600
jambase:64467,843
jambase:71884,3000
jambase:3584867,150
jambase:9620391,500
jambase:4259207,3400
jambase:62272,1200
jambase:7395154,19000
jambase:5389021,500
jambase:62197,2200
jambase:64500,225
jambase:72210,600
jambase:2329829,790
jambase:9572924,1011
jambase:62091,15000
jambase:62092,1506
jambase:70774,14000
jambase:65209,15000
jambase:70122,225
jambase:71570,200
jambase:336541,
jambase:74122,600
jambase:63773,1600
jambase:370364,3327
jambase:67073,2242
jambase:5901567,1000
jambase:8233783,2000
jambase:193455,500
jambase:9198560,
jambase:11306063,
jambase:10206963,260
jambase:68432,3000
jambase:359328,2804
jambase:73942,41922
jambase:396049,6000
jambase:575580,700
jambase:72642,125
jambase:64122,1510
jambase:73739,1042
jambase:9035326,150
jambase:2347630,
jambase:8348435,74
jambase:8158408,800
jambase:343075,391
jambase:63509,5000
jambase:62230,3700
jambase:330347,2800
jambase:67981,
jambase:4667521,
jambase:10722122,298
jambase:9198556,
jambase:574270,350
jambase:2546636,
jambase:11309793,
jambase:71004,1700
jambase:62329,500
jambase:63900,10000
jambase:3121844,700
jambase:340427,1334
jambase:395350,2085
jambase:330449,325
jambase:3877113,150
jambase:8006317,225
jambase:5684102,150
jambase:4833359,625
jambase:7633827,
jambase:9915027,
jambase:9771659,
jambase:9258844,
jambase:9198737,
jambase:9198686,
jambase:7640440,
jambase:10181665,
jambase:63906,284
jambase:67464,350
jambase:65997,439
jambase:69633,2800
jambase:64561,200
jambase:70280,85
jambase:62397,944
jambase:62485,
jambase:4072591,600
jambase:63823,
jambase:381293,600
jambase:331131,900
jambase:71304,800
jambase:69491,
jambase:572036,
jambase:3557487,1100
jambase:346224,
jambase:7267402,1568
jambase:8857644,700
jambase:7971785,
jambase:73054,
jambase:63183,
jambase:9198823,
jambase:6064585,200
jambase:394270,
jambase:3873697,200
jambase:10058066,150
jambase:9861120,
jambase:9198857,
jambase:9198828,
jambase:9198807,
jambase:9198621,
jambase:9198541,
jambase:6110209,
jambase:5987462,506
jambase:410046,
jambase:11189155,
jambase:11161161,
jambase:10612689,65
jambase:62340,250
jambase:73627,250
jambase:71173,250
jambase:62314,150
jambase:2075065,500
jambase:63787,240
jambase:192672,450
jambase:345897,815
jambase:72521,125
jambase:2614649,1233
jambase:72396,483
jambase:193677,714
jambase:69937,1050
jambase:64953,750
jambase:4231498,200
jambase:63924,
jambase:63468,
jambase:2737388,750
jambase:5090575,6000
jambase:387183,
jambase:65869,
jambase:63285,275
jambase:70988,
jambase:69045,
jambase:68147,
jambase:335972,
jambase:571624,
jambase:4151404,
jambase:8056234,
jambase:409070,
jambase:387058,
jambase:9866770,
jambase:9359762,
jambase:7323590,
jambase:71589,
jambase:7108086,
jambase:5900209,50
jambase:357556,
jambase:333429,
jambase:330501,600
jambase:324222,2200
jambase:2324874,
jambase:9423125,200
jambase:9198835,
jambase:9198833,
jambase:9198824,
jambase:9198767,
jambase:9198587,
jambase:9035327,
jambase:8310890,
jambase:7827494,
jambase:7337124,
jambase:68112,
jambase:6383474,
jambase:410368,
jambase:3886744,
jambase:3745069,
jambase:366243,
jambase:360250,
jambase:327206,
jambase:11462194,
jambase:11424402,
jambase:11416453,
jambase:11252600,
jambase:11055524,
jambase:10186236,
jambase:10116263,
jambase:69817,500
jambase:64939,1000
jambase:64393,1100
jambase:4406655,300
jambase:11409071,
jambase:62099,21600
jambase:2052027,5000
jambase:67452,1200
jambase:65313,440
jambase:67080,19200
jambase:70305,150
jambase:66536,10000
jambase:63835,225
jambase:63019,3019
jambase:360985,2400
jambase:62921,1750
jambase:64063,2427
jambase:193192,856
jambase:6198533,625
jambase:363032,2200
jambase:2796140,71870
jambase:327540,800
jambase:66732,
jambase:66468,4400
jambase:361648,
jambase:327174,
jambase:4412912,
jambase:363225,
jambase:11338095,
jambase:62711,1000
jambase:9544670,700
jambase:62432,300
jambase:72853,2300
jambase:325496,300
jambase:63855,10500
jambase:67524,2037
jambase:10985791,800
jambase:73289,1400
jambase:64525,13390
jambase:62844,12279
jambase:193518,600
jambase:73452,6800
jambase:68598,300
jambase:363704,640
jambase:65884,
jambase:70014,170
jambase:72854,
jambase:402509,
jambase:8181290,
jambase:376762,
jambase:9694890,
jambase:3774220,1000
jambase:71547,725
jambase:62556,1693
jambase:404105,700
jambase:63547,9000
jambase:67550,5200
jambase:71288,6000
jambase:62517,350
jambase:2312329,
jambase:64959,1680
jambase:404083,1800
jambase:404048,
jambase:337854,
jambase:7640696,6600
jambase:7440228,
jambase:9521451,300
jambase:393782,
jambase:66867,550
jambase:68964,2700
jambase:9782439,
jambase:69524,1000
jambase:65429,7500
jambase:65133,7500
jambase:5390325,270
jambase:73393,9300
jambase:6162928,
jambase:65449,150
jambase:408586,3000
jambase:574130,
jambase:2777772,8500
jambase:7964696,200
jambase:10308021,5000
jambase:68387,2700
jambase:71051,
jambase:2385531,
jambase:9892297,
jambase:2587568,
jambase:8551490,
jambase:8193355,
jambase:71045,
jambase:6935860,
jambase:394497,
jambase:10313665,
jambase:62487,1600
jambase:4106425,1100
jambase:1538901,1000
jambase:7826533,500
jambase:67741,400
jambase:8181263,600
jambase:74121,7286
jambase:66525,1904
jambase:73893,1500
jambase:5687687,1262
jambase:65154,10500
jambase:6296234,400
jambase:63827,5500
jambase:370506,
jambase:326677,1016
jambase:62619,600
jambase:69582,1000
jambase:7615283,250
jambase:3015342,
jambase:62392,800
jambase:68463,1763
jambase:388336,3000
jambase:414387,
jambase:6372971,
jambase:5940097,
jambase:9897365,
jambase:10646977,450
jambase:71970,786
jambase:64094,1200
jambase:9639251,
jambase:3971686,
jambase:359768,
jambase:2882719,
jambase:70323,1800
jambase:574159,
jambase:360977,
jambase:68884,1000
jambase:2181838,450
jambase:71492,2400
jambase:71159,300
jambase:62244,1700
jambase:62293,1100
jambase:62428,2900
jambase:62118,400
jambase:69277,7700
jambase:62181,400
jambase:67769,250
jambase:62116,400
jambase:73872,800
jambase:66217,200
jambase:64864,1731
jambase:62357,15040
jambase:357495,700
jambase:2875134,20300
jambase:62674,400
jambase:9783399,700
jambase:63012,5174
jambase:63614,5000
jambase:5788769,
jambase:66931,7200
jambase:63923,300
jambase:73151,400
jambase:5281107,2089
jambase:66949,1100
jambase:2336654,300
jambase:73865,250
jambase:68574,1000
jambase:2784787,895
jambase:9671891,
jambase:9198666,
jambase:63442,65000
jambase:62420,41297
jambase:63143,3500
jambase:392758,750
jambase:8240045,1100
jambase:378721,
jambase:64961,7700
jambase:63144,2000
jambase:570773,2400
jambase:192678,
jambase:70959,1500
jambase:3856874,240
jambase:65416,1150
jambase:358506,1640
jambase:193306,650
jambase:74205,2000
jambase:406473,
jambase:63257,
jambase:7855349,400
jambase:392058,
jambase:380360,
jambase:9198682,
jambase:5169306,
jambase:4859941,
jambase:3269997,90
jambase:11333657,
jambase:11100752,
jambase:2757383,952
jambase:68680,
jambase:326162,664
jambase:5085538,600
jambase:63639,1500
jambase:68280,20000
jambase:68374,1308
jambase:63538,2500
jambase:62083,9777
jambase:65343,10253
jambase:69051,1753
jambase:192849,400
jambase:340291,1632
jambase:66070,624
jambase:7888615,9100
jambase:5278917,
jambase:62080,1000
jambase:62506,
jambase:418278,850
jambase:69556,2000
jambase:6350247,
jambase:9785252,
jambase:387361,350
jambase:346636,
jambase:9487610,
jambase:6432906,
jambase:418320,
jambase:10423678,
jambase:63260,1000
jambase:62312,578
jambase:367318,10000
jambase:70020,1400
jambase:62313,800
jambase:70046,325
jambase:71645,
jambase:404956,
jambase:404937,
jambase:9754191,
